measure,popn,tscale,visit,n,mean,sd,se,lo,hi,week_num
FEF25-75 (%),all,visit,V1,133,0,0,0,0,0,NA
FEF25-75 (%),all,visit,V2,136,1.6991971454058874,45.26192768286758,3.8811782792171714,-5.907912281859769,9.306306572671543,NA
FEF25-75 (%),all,visit,V3,104,-9.549673676577228,50.37266092883754,4.939445788994913,-19.230987423007257,0.13164006985280174,NA
FEF25-75 (%),all,visit,V4,65,12.923540489642185,61.18040930343325,7.5884958300104834,-1.9499113371783618,27.796992316462735,NA
FEF25-75 (%),all,visit,V5,36,6.500000000000002,60.793948798596034,10.132324799766005,-13.359356607541367,26.359356607541372,NA
FEF25-75 (%),all,visit,NA,122,NA,NA,NA,NA,NA,NA
FEF25-75 (%),all,weekly,NA,257,0,0,0,0,0,0
FEF25-75 (%),all,weekly,NA,210,-5.7125,40.717487842758246,2.809773602322848,-11.219656260552782,-0.20534373944721818,1
FEF25-75 (%),all,weekly,NA,192,1.1264705882352946,43.71329357138841,3.15473522632578,-5.056810455363234,7.309751631833823,2
FEF25-75 (%),all,weekly,NA,176,-3.653398058252428,36.651821813677486,2.7627350190666267,-9.068358695623015,1.7615625791181602,3
FEF25-75 (%),all,weekly,NA,184,0.13142857142857076,39.78940551464411,2.9333138916597896,-5.617866656224617,5.880723799081759,4
FEF25-75 (%),all,weekly,NA,176,-4.543877551020409,38.56647512239478,2.90705744244453,-10.241710138211687,1.1539550361708697,5
FEF25-75 (%),all,weekly,NA,168,-4.546464646464647,42.757933535554315,3.2988461909962514,-11.0122031808173,1.9192738878880053,6
FEF25-75 (%),all,weekly,NA,172,-6.448648648648648,49.91809630851661,3.806219160387027,-13.908838203007221,1.011540905709924,7
FEF25-75 (%),all,weekly,NA,151,1.684000000000001,47.945144833771366,3.9017205519834817,-5.963372281887623,9.331372281887624,8
FEF25-75 (%),all,weekly,NA,147,-4.464772727272728,41.403637021020785,3.4149144256451294,-11.158005001537182,2.2284595469917257,9
FEF25-75 (%),all,weekly,NA,146,4.622352941176471,41.47965472737835,3.4328806509571375,-2.1060931346995178,11.35079901705246,10
FEF25-75 (%),all,weekly,NA,144,0.15494505494505476,41.57883346056491,3.464902788380409,-6.636264410280547,6.946154520170656,11
FEF25-75 (%),all,weekly,NA,141,-1.5962962962962954,51.24887668145626,4.315933994978952,-10.055526926455041,6.862934333862451,12
FEF25-75 (%),all,weekly,NA,137,3.341463414634146,54.85530675616955,4.686605139353542,-5.844282658498797,12.52720948776709,13
FEF25-75 (%),all,weekly,NA,146,-0.7537500000000001,49.35677898049177,4.084796092670056,-8.75995034163331,7.25245034163331,14
FEF25-75 (%),all,weekly,NA,133,0.5550000000000002,56.784910413180285,4.923876193780264,-9.095797339809318,10.205797339809317,15
FEF25-75 (%),all,weekly,NA,133,6.0287500000000005,53.321359611536394,4.623548250774396,-3.033404571517817,15.090904571517818,16
FEF25-75 (%),all,weekly,NA,130,-0.8378048780487783,58.16363388091448,5.101288152729407,-10.836329657398416,9.160719901300858,17
FEF25-75 (%),all,weekly,NA,127,-3.760975609756097,46.360761282476325,4.113852330549191,-11.824126177632511,4.302174958120318,18
FEF25-75 (%),all,weekly,NA,120,-3.1535211267605647,60.556162434991855,5.5279960269320005,-13.988393339547285,7.681351086026156,19
FEF25-75 (%),all,weekly,NA,132,1.5794871794871785,57.286201867543326,4.986123869853431,-8.193315605425546,11.352289964399905,20
FEF25-75 (%),all,weekly,NA,123,-3.0790123456790113,68.65544172905994,6.1904527061772665,-15.212299649786454,9.054274958428431,21
FEF25-75 (%),all,weekly,NA,119,3.3220779220779217,53.33424056530719,4.889141816635816,-6.260640038528278,12.904795882684121,22
FEF25-75 (%),all,weekly,NA,127,-2.2036585365853654,46.40409051020712,4.11769717777668,-10.274345005027659,5.867027931856928,23
FEF25-75 (%),all,weekly,NA,124,-1.6871794871794872,58.59550614162608,5.2620317889892485,-12.000761793598413,8.62640281923944,24
FEF25-75 (%),all,weekly,NA,137,4.683870967741937,50.06703178548991,4.277515200508177,-3.700058825254091,13.067800760737965,25
FEF25-75 (%),all,weekly,NA,115,-1.1500000000000001,48.56967821568626,4.529145847081226,-10.027125860279204,7.7271258602792035,26
FEF25-75 (%),all,weekly,NA,117,-6.298630136986302,43.07093146179104,3.9819090222431472,-14.103171820582869,1.5059115466102666,27
FEF25-75 (%),all,weekly,NA,114,6.572972972972975,45.89139441607014,4.298122888379067,-1.8513478882499967,14.997293834195947,28
FEF25-75 (%),all,weekly,NA,115,-1.8528571428571434,53.69426796230936,5.007016304979731,-11.666609100617416,7.96089481490313,29
FEF25-75 (%),all,weekly,NA,111,0.324637681159421,49.28793076760363,4.67820335821666,-8.844640900945231,9.493916263264074,30
FEF25-75 (%),all,weekly,NA,121,1.8421052631578958,50.58313622320624,4.598466929382385,-7.17088991843158,10.855100444747372,31
FEF25-75 (%),all,weekly,NA,106,-7.252777777777779,58.20618275136356,5.653484240818267,-18.33360688978158,3.828051334226024,32
FEF25-75 (%),all,weekly,NA,108,3.0826086956521737,50.68915348799902,4.877566068548416,-6.477420798702721,12.64263819000707,33
FEF25-75 (%),all,weekly,NA,120,-0.02162162162162116,46.32626188027774,4.228989772786635,-8.310441576283425,8.267198333040183,34
FEF25-75 (%),all,weekly,NA,113,-4.5858974358974365,55.76744785350357,5.246160197228486,-14.868371422465268,5.696576550670395,35
FEF25-75 (%),all,weekly,NA,114,-2.3236842105263147,49.65727571644408,4.650829987782172,-11.439310986579372,6.7919425655267425,36
FEF25-75 (%),all,weekly,NA,110,0.9499999999999986,49.78794752055822,4.747094535617511,-8.354305289810322,10.25430528981032,37
FEF25-75 (%),all,weekly,NA,108,-2.7360000000000015,49.98101434139362,4.809425347395692,-12.162473680895559,6.690473680895555,38
FEF25-75 (%),all,weekly,NA,98,5.883606557377049,61.08473126275193,6.170489671835684,-6.2105531994208905,17.97776631417499,39
FEF25-75 (%),all,weekly,NA,99,-2.217187499999998,57.24195806742513,5.753033247724439,-13.493132665539898,9.058757665539902,40
FEF25-75 (%),all,weekly,NA,99,3.158730158730159,57.351310233143494,5.764023553897183,-8.13875600690832,14.456216324368636,41
FEF25-75 (%),all,weekly,NA,96,4.919696969696971,50.07524559545586,5.110783352225736,-5.097438400665472,14.936832340059414,42
FEF25-75 (%),all,weekly,NA,99,3.128169014084506,55.03661426229579,5.531387855744176,-7.713351183174078,13.96968921134309,43
FEF25-75 (%),all,weekly,NA,97,7.103225806451613,53.193026067431724,5.400933502941943,-3.4826038593145956,17.689055472217824,44
FEF25-75 (%),all,weekly,NA,102,4.002941176470589,58.97411769907667,5.839307773895797,-7.442102060365173,15.44798441330635,45
FEF25-75 (%),all,weekly,NA,98,5.068831168831169,50.1965721720755,5.070619510742076,-4.8695830722233,15.007245409885638,46
FEF25-75 (%),all,weekly,NA,98,-5.729850746268657,59.579849692419714,6.018473677083603,-17.52605915335252,6.066357660815204,47
FEF25-75 (%),all,weekly,NA,84,0.02352941176470533,48.7809790360499,5.3224411644464915,-10.408455270550418,10.45551409407983,48
FEF25-75 (%),all,weekly,NA,101,0.45256410256410295,51.89782850688075,5.16402694554865,-9.66892871071125,10.574056915839456,49
FEF25-75 (%),all,weekly,NA,92,1.0086956521739125,43.22570973503138,4.5065917688006305,-7.824224214675324,9.841615519023149,50
FEF25-75 (%),all,weekly,NA,80,-1.1145161290322563,52.71542172331498,5.8937633217950705,-12.666292239750595,10.437259981686081,51
FEF25-75 (%),all,weekly,NA,51,4.46521739130435,54.37089179327607,7.613447692896644,-10.457140086773071,19.387574869381773,52
FEF25-75 (%),stable,visit,V1,133,0,0,0,0,0,NA
FEF25-75 (%),stable,visit,V2,135,1.50882070949185,45.025100046668925,3.8751436142682567,-6.086460774473933,9.104102193457633,NA
FEF25-75 (%),stable,visit,V3,104,-12.635427135678391,50.45241698944909,4.947266514175405,-22.332069503462186,-2.9387847678945977,NA
FEF25-75 (%),stable,visit,V4,65,12.450607287449394,61.823555362030554,7.668268280690696,-2.57919854270437,27.480413117603156,NA
FEF25-75 (%),stable,visit,V5,32,6.173684210526318,62.441847097966665,11.038263378196442,-15.461312010738709,27.808680431791345,NA
FEF25-75 (%),stable,visit,NA,119,NA,NA,NA,NA,NA,NA
FEF25-75 (%),stable,weekly,NA,247,0,0,0,0,0,0
FEF25-75 (%),stable,weekly,NA,200,-5.9978873239436625,41.50078947947663,2.9345489665533253,-11.74960329838818,-0.24617134949914465,1
FEF25-75 (%),stable,weekly,NA,174,0.12031250000000046,44.126129811995064,3.345193268118218,-6.436266305511706,6.676891305511708,2
FEF25-75 (%),stable,weekly,NA,163,-3.3397959183673476,37.05261163297266,2.9021845260871193,-9.028077589498102,2.348485752763406,3
FEF25-75 (%),stable,weekly,NA,162,0.8577319587628859,38.784204890252326,3.047174920091764,-5.1147308846169715,6.830194802142744,4
FEF25-75 (%),stable,weekly,NA,161,-2.943478260869566,35.19405326999081,2.773679961981301,-8.379890986352915,2.4929344646137834,5
FEF25-75 (%),stable,weekly,NA,151,-3.655434782608697,41.43736001850736,3.372124534500677,-10.264798870230024,2.9539293050126294,6
FEF25-75 (%),stable,weekly,NA,156,-7.772549019607843,48.15217864530796,3.855259734082953,-15.32885809841043,-0.21623994080525577,7
FEF25-75 (%),stable,weekly,NA,135,-1.6036144578313245,44.65485646924161,3.843278120725673,-9.136439574453645,5.929210658790995,8
FEF25-75 (%),stable,weekly,NA,129,-6.107594936708861,42.19046487291642,3.714663303565866,-13.388335011697958,1.173145138280236,9
FEF25-75 (%),stable,weekly,NA,132,3.837662337662339,43.17502335647142,3.757903430863525,-3.52782838683017,11.203153062154847,10
FEF25-75 (%),stable,weekly,NA,135,-0.5506024096385544,42.76795978041294,3.6808799106846206,-7.765127034580411,6.663922215303302,11
FEF25-75 (%),stable,weekly,NA,125,-0.9223684210526307,52.53993680667234,4.699314809330502,-10.133025447340415,8.288288605235152,12
FEF25-75 (%),stable,weekly,NA,120,3.877333333333333,57.25102754497036,5.226279871121647,-6.366175214065095,14.12084188073176,13
FEF25-75 (%),stable,weekly,NA,135,0.8439999999999998,50.38698952620124,4.336621584455665,-7.655778305533104,9.343778305533103,14
FEF25-75 (%),stable,weekly,NA,122,2.664,57.44138173072732,5.2004983487044925,-7.528976763460806,12.856976763460805,15
FEF25-75 (%),stable,weekly,NA,118,6.494520547945207,55.29193956328274,5.09003561363262,-3.4819492547747277,16.47099035066514,16
FEF25-75 (%),stable,weekly,NA,119,-0.8240506329113901,59.136032261110884,5.420991189397217,-11.449193364129936,9.801092098307155,17
FEF25-75 (%),stable,weekly,NA,115,-5.263513513513513,47.757562907704745,4.453415704127393,-13.992208293603206,3.4651812665761783,18
FEF25-75 (%),stable,weekly,NA,104,-4.3338709677419365,63.235562580986795,6.2007570683359505,-16.4873548216804,7.819612886196526,19
FEF25-75 (%),stable,weekly,NA,114,-1.7449275362318843,56.47800856822864,5.289650149139228,-12.11264182854477,8.622786756081002,20
FEF25-75 (%),stable,weekly,NA,105,-7.444285714285714,69.37908392097928,6.770705305958609,-20.714868113964588,5.82629668539316,21
FEF25-75 (%),stable,weekly,NA,104,-2.3076923076923084,47.25414766085456,4.633650404247928,-11.389647100018246,6.7742624846336295,22
FEF25-75 (%),stable,weekly,NA,111,-4.8084507042253515,41.71230975033929,3.959157232083946,-12.568398879109886,2.9514974706591826,23
FEF25-75 (%),stable,weekly,NA,114,-3.9547945205479453,56.04043441296028,5.248667574605309,-14.242182966774353,6.332593925678461,24
FEF25-75 (%),stable,weekly,NA,124,6.13048780487805,52.11431567740807,4.680003703579784,-3.042319454138327,15.303295063894428,25
FEF25-75 (%),stable,weekly,NA,102,-1.245070422535211,48.520722491183065,4.8042674158097975,-10.661434557522414,8.171293712451993,26
FEF25-75 (%),stable,weekly,NA,104,-9.383582089552238,40.13042976389396,3.9351123933646153,-17.096402380546884,-1.6707617985575922,27
FEF25-75 (%),stable,weekly,NA,105,4.979710144927537,46.70389698978443,4.557833647931141,-3.9536438050174993,13.913064094872574,28
FEF25-75 (%),stable,weekly,NA,107,-2.63134328358209,54.732122330811514,5.291153978010648,-13.002005080482961,7.73931851331878,29
FEF25-75 (%),stable,weekly,NA,105,0.45384615384615473,50.45392104721358,4.923798523051527,-9.19679895133484,10.104491259027148,30
FEF25-75 (%),stable,weekly,NA,110,2.179710144927537,53.00892982405152,5.054203148317806,-7.726528025775364,12.085948315630437,31
FEF25-75 (%),stable,weekly,NA,97,-7.090625000000001,61.163031470413515,6.210164945143123,-19.26254829248052,5.081298292480518,32
FEF25-75 (%),stable,weekly,NA,98,2.1359375,52.35552567731904,5.2887067484312436,-8.229927726925236,12.501802726925238,33
FEF25-75 (%),stable,weekly,NA,109,0.9969696969696974,44.252787725127796,4.238648327743932,-7.310781025408409,9.304720419347804,34
FEF25-75 (%),stable,weekly,NA,98,-4.616176470588236,58.3149621370281,5.890700738818476,-16.16194991867245,6.929596977495976,35
FEF25-75 (%),stable,weekly,NA,100,-7.359016393442622,51.08552429357779,5.108552429357779,-17.37177915498387,2.6537463680986244,36
FEF25-75 (%),stable,weekly,NA,98,-5.448333333333334,47.09960772684417,4.75777885926826,-14.773579897499124,3.8769132308324554,37
FEF25-75 (%),stable,weekly,NA,100,-6.774603174603175,48.933246064455055,4.893324606445505,-16.365519403236366,2.816313054030015,38
FEF25-75 (%),stable,weekly,NA,87,2.3903846153846153,63.37219424771987,6.794212381315607,-10.926271651993973,15.707040882763204,39
FEF25-75 (%),stable,weekly,NA,93,-1.0440677966101677,59.42286008270821,6.161863546849322,-13.121320348434839,11.033184755214503,40
FEF25-75 (%),stable,weekly,NA,94,3.509836065573771,58.26448233391716,6.009522498147228,-8.268828030794797,15.288500161942338,41
FEF25-75 (%),stable,weekly,NA,93,4.965625000000001,50.38012400581473,5.224175496855857,-5.273758973837477,15.20500897383748,42
FEF25-75 (%),stable,weekly,NA,92,0.2140624999999991,53.84387739047474,5.6136122723179085,-10.788617553743101,11.2167425537431,43
FEF25-75 (%),stable,weekly,NA,91,3.701724137931035,49.189106950515296,5.15641949481179,-6.404858071900073,13.808306347762144,44
FEF25-75 (%),stable,weekly,NA,96,3.629850746268658,59.33830081757296,6.056189966951152,-8.2402815889556,15.499983081492914,45
FEF25-75 (%),stable,weekly,NA,93,4.574666666666667,50.73436942981988,5.26090903613312,-5.7367150441542485,14.886048377487583,46
FEF25-75 (%),stable,weekly,NA,94,-6.416666666666667,59.76854481010851,6.164654697511665,-18.49938987378953,5.6660565404561956,47
FEF25-75 (%),stable,weekly,NA,74,-2.358620689655173,51.69682210356827,6.009633500099096,-14.137502349849402,9.420260970539054,48
FEF25-75 (%),stable,weekly,NA,95,-2.6591549295774644,52.97690218378138,5.435315480109242,-13.31237327059158,7.994063411436651,49
FEF25-75 (%),stable,weekly,NA,82,0.48281249999999937,43.93032201070561,4.851292500601641,-9.025720801179217,9.991345801179216,50
FEF25-75 (%),stable,weekly,NA,72,-2.3280701754385946,54.650535072488296,6.4406273242049545,-14.951699730880307,10.295559380003116,51
FEF25-75 (%),stable,weekly,NA,47,4.258139534883724,56.028701116813416,8.172626012042064,-11.76020744871872,20.27648651848617,52
FEV1 (L/sec),all,visit,V1,133,0,0,0,0,0,NA
FEV1 (L/sec),all,visit,V2,136,0.10572099202834366,0.46471974234963537,0.039849389150376856,0.02761618929360503,0.1838257947630823,NA
FEV1 (L/sec),all,visit,V3,104,-0.02389152298850577,0.4208269960663641,0.041265482015173556,-0.10477186773824593,0.0569888217612344,NA
FEV1 (L/sec),all,visit,V4,65,0.22818214285714283,0.6095169080665552,0.07560126791967016,0.08000365773458931,0.3763606279796964,NA
FEV1 (L/sec),all,visit,V5,36,0.1598571428571428,0.4136828840687376,0.0689471473447896,0.024720734061355193,0.2949935516529304,NA
FEV1 (L/sec),all,visit,NA,122,NA,NA,NA,NA,NA,NA
FEV1 (L/sec),all,weekly,NA,257,0,0,0,0,0,0
FEV1 (L/sec),all,weekly,NA,210,0.028974193548387067,0.41767382956217297,0.0288222324819484,-0.027517382116231795,0.08546576921300593,1
FEV1 (L/sec),all,weekly,NA,192,-0.054456521739130445,0.5653074626191688,0.040797551964760176,-0.13441972359006038,0.025506680111799504,2
FEV1 (L/sec),all,weekly,NA,176,-0.01139423076923078,0.5059549160288607,0.038137786756897815,-0.0861442928127505,0.06335583127428894,3
FEV1 (L/sec),all,weekly,NA,184,0.02121698113207547,0.42054742113485916,0.03100316721401048,-0.03954922660738507,0.08198318887153602,4
FEV1 (L/sec),all,weekly,NA,176,0.013202020202020213,0.44649192647128616,0.033655595273368366,-0.05276294653378179,0.07916698693782222,5
FEV1 (L/sec),all,weekly,NA,168,-0.030380000000000008,0.45958146923988014,0.0354574801421068,-0.09987666107852933,0.03911666107852932,6
FEV1 (L/sec),all,weekly,NA,172,-0.04653571428571428,0.5274729646557522,0.04021943649955136,-0.12536580982483495,0.03229438125340639,7
FEV1 (L/sec),all,weekly,NA,151,0.08976470588235291,0.37722893163277355,0.030698455087732585,0.02959573391039705,0.14993367785430878,8
FEV1 (L/sec),all,weekly,NA,147,0.010752808988764052,0.38029672269578696,0.031366345031477866,-0.05072522727293256,0.07223084525046067,9
FEV1 (L/sec),all,weekly,NA,146,0.05804651162790698,0.41628346979309927,0.03445186509285949,-0.009479143954097623,0.12557216720991157,10
FEV1 (L/sec),all,weekly,NA,144,0.07992391304347828,0.39519229520717286,0.032932691267264405,0.01537583815964004,0.14447198792731653,11
FEV1 (L/sec),all,weekly,NA,141,0.026658536585365843,0.46538578764932237,0.03919255351059319,-0.050158868295396807,0.10347594146612848,12
FEV1 (L/sec),all,weekly,NA,137,0.08646987951807228,0.5006177972862546,0.04277066487008087,0.0026393763727137753,0.17030038266343078,13
FEV1 (L/sec),all,weekly,NA,146,0.08909876543209876,0.4287161533269499,0.03548080130323394,0.019556394877760244,0.15864113598643725,14
FEV1 (L/sec),all,weekly,NA,133,0.10084999999999998,0.4013499404304731,0.03480145346151749,0.03263915121542571,0.16906084878457425,15
FEV1 (L/sec),all,weekly,NA,133,0.07524999999999998,0.39757656694312166,0.034474260484555444,0.007680449450271312,0.14281955054972867,16
FEV1 (L/sec),all,weekly,NA,130,0.07069512195121953,0.4758784907942386,0.04173730465668133,-0.011109995175875867,0.15250023907831495,17
FEV1 (L/sec),all,weekly,NA,127,0.02473170731707317,0.3687011586831984,0.032716937318679966,-0.03939348982753957,0.0888569044616859,18
FEV1 (L/sec),all,weekly,NA,120,0.04783098591549292,0.48823975333891306,0.044569987729080156,-0.03952619003350418,0.13518816186449,19
FEV1 (L/sec),all,weekly,NA,132,0.06696202531645569,0.4537045927845499,0.03948991600413443,-0.010438210051647787,0.14436226068455915,20
FEV1 (L/sec),all,weekly,NA,123,0.036121951219512186,0.521533550410281,0.0470250965865247,-0.056047238090076223,0.1282911405291006,21
FEV1 (L/sec),all,weekly,NA,119,0.1308333333333333,0.4304032363812404,0.0394549999906761,0.05350153335160815,0.20816513331505845,22
FEV1 (L/sec),all,weekly,NA,127,0.02825301204819276,0.33537190289738356,0.029759444111126215,-0.030075498409614623,0.08658152250600014,23
FEV1 (L/sec),all,weekly,NA,124,0.08394936708860759,0.5280607457950215,0.04742125486849942,-0.008996292453651272,0.17689502663086645,24
FEV1 (L/sec),all,weekly,NA,137,0.017361702127659584,0.5168626999121841,0.04415856056581347,-0.06918907658133482,0.10391248083665398,25
FEV1 (L/sec),all,weekly,NA,115,0.08313253012048191,0.4627059006693692,0.04314754771753518,-0.001436663405887037,0.16770172364685088,26
FEV1 (L/sec),all,weekly,NA,117,0.029378378378378384,0.39535576843608905,0.03655065372171247,-0.04226090291617805,0.10101765967293481,27
FEV1 (L/sec),all,weekly,NA,114,0.10005333333333333,0.4160845448565333,0.038969888113105595,0.023672352631646368,0.1764343140350203,28
FEV1 (L/sec),all,weekly,NA,115,0.12028169014084504,0.41543255196408035,0.038739285220604894,0.04435269110845945,0.19621068917323065,29
FEV1 (L/sec),all,weekly,NA,111,0.08415942028985506,0.44982868056459285,0.04269584888766801,4.755564700257564e-4,0.16784328410968435,30
FEV1 (L/sec),all,weekly,NA,121,0.10881818181818183,0.43285392355707714,0.03935035668700701,0.031691482711648095,0.18594488092471556,31
FEV1 (L/sec),all,weekly,NA,106,0.04831506849315067,0.44986469807636886,0.04369472212151962,-0.03732658686502779,0.13395672385132912,32
FEV1 (L/sec),all,weekly,NA,108,0.10250000000000001,0.45489787833110956,0.04377256875137595,0.016705765247303148,0.18829423475269685,33
FEV1 (L/sec),all,weekly,NA,120,0.07021333333333332,0.44487393578264256,0.040611248312376336,-0.009384713358924296,0.14981138002559094,34
FEV1 (L/sec),all,weekly,NA,113,0.0652405063291139,0.402995298540683,0.03791060871976983,-0.009064286761634968,0.13954529941986277,35
FEV1 (L/sec),all,weekly,NA,114,0.02636363636363636,0.39756161088535796,0.037235056398478864,-0.04661707417738221,0.09934434690465493,36
FEV1 (L/sec),all,weekly,NA,110,0.06361643835616436,0.5089201429971599,0.048523631726130924,-0.031489879827052245,0.15872275653938095,37
FEV1 (L/sec),all,weekly,NA,108,0.07097368421052629,0.4335539020293928,0.041718743674147095,-0.010795053390802015,0.1527424218118546,38
FEV1 (L/sec),all,weekly,NA,98,0.11801612903225803,0.47527112165568397,0.048009633289267245,0.023917247785294235,0.2121150102792218,39
FEV1 (L/sec),all,weekly,NA,99,0.05780000000000001,0.583768045759615,0.058670896132838324,-0.057194956420363104,0.17279495642036313,40
FEV1 (L/sec),all,weekly,NA,99,0.1270769230769231,0.5310750684840936,0.053375052656788984,0.022461819869616678,0.2316920262842295,41
FEV1 (L/sec),all,weekly,NA,96,0.1348529411764706,0.459228368536649,0.04686979909689896,0.04298813494654864,0.22671774740639256,42
FEV1 (L/sec),all,weekly,NA,99,0.15712500000000001,0.48856804094599027,0.04910293564778313,0.06088324613034507,0.25336675386965496,43
FEV1 (L/sec),all,weekly,NA,97,0.09703174603174602,0.5987187925264428,0.06079068299851546,-0.02211799264534428,0.21618148470883633,44
FEV1 (L/sec),all,weekly,NA,102,0.13079710144927534,0.5111621585606823,0.05061259553615128,0.031596414198418826,0.22999778870013185,45
FEV1 (L/sec),all,weekly,NA,98,0.12854430379746837,0.4714530130615665,0.04762394607809481,0.03520136948440254,0.22188723811053418,46
FEV1 (L/sec),all,weekly,NA,98,0.03395652173913043,0.5021512964759025,0.050724940988532446,-0.06546436259839317,0.13337740607665402,47
FEV1 (L/sec),all,weekly,NA,84,0.13050724637681158,0.4734890402852502,0.05166188971045605,0.029249942544317717,0.23176455020930542,48
FEV1 (L/sec),all,weekly,NA,101,0.12256962025316455,0.4634553800762797,0.04611553391788039,0.03218317377411899,0.21295606673221013,49
FEV1 (L/sec),all,weekly,NA,92,0.1548142857142857,0.5259620941005557,0.054835338933804705,0.047337021404028484,0.26229155002454296,50
FEV1 (L/sec),all,weekly,NA,80,0.08960317460317459,0.4569940897367006,0.05109349249834507,-0.010540070693581746,0.1897464198999309,51
FEV1 (L/sec),all,weekly,NA,51,0.10489361702127656,0.5091143731602673,0.07129027172287267,-0.03483531555555386,0.24462254959810698,52
FEV1 (L/sec),stable,visit,V1,133,0,0,0,0,0,NA
FEV1 (L/sec),stable,visit,V2,135,0.10251760228353948,0.46879485453900355,0.04034743698705087,0.02343662578891978,0.1815985787781592,NA
FEV1 (L/sec),stable,visit,V3,104,-0.045884838442419244,0.4115963855173313,0.040360346182252524,-0.12499111695963419,0.033221440074795695,NA
FEV1 (L/sec),stable,visit,V4,65,0.22834799235181644,0.6099048928203409,0.07564939150563062,0.08007518500078042,0.37662079970285245,NA
FEV1 (L/sec),stable,visit,V5,32,0.15584999999999993,0.4240113299131721,0.07495532167038259,0.008937569526050071,0.3027624304739498,NA
FEV1 (L/sec),stable,visit,NA,119,NA,NA,NA,NA,NA,NA
FEV1 (L/sec),stable,weekly,NA,247,0,0,0,0,0,0
FEV1 (L/sec),stable,weekly,NA,200,0.027896551724137898,0.42921968481798345,0.03035041497535487,-0.03159026162755764,0.08738336507583344,1
FEV1 (L/sec),stable,weekly,NA,174,-0.05968461538461539,0.5685004623836916,0.04309790883067785,-0.14415651669274399,0.02478728592351319,2
FEV1 (L/sec),stable,weekly,NA,163,-0.01795959595959597,0.5166948714547012,0.0404706657522079,-0.09728210083392345,0.06136290891473152,3
FEV1 (L/sec),stable,weekly,NA,162,0.02747959183673469,0.431201443812777,0.03387838499749385,-0.038922042758353245,0.09388122643182263,4
FEV1 (L/sec),stable,weekly,NA,161,0.020344086021505385,0.45475481914466487,0.03583970052552906,-0.049901727008531564,0.09058989905154233,5
FEV1 (L/sec),stable,weekly,NA,151,-0.035430107526881735,0.4689793125559198,0.03816499519604398,-0.11023349811112794,0.03937328305736447,6
FEV1 (L/sec),stable,weekly,NA,156,-0.0593009708737864,0.51129792234196,0.040936596174497436,-0.13953669937580138,0.02093475762822858,7
FEV1 (L/sec),stable,weekly,NA,135,0.07443529411764703,0.3313613854798335,0.028519047278658033,0.018537961451477285,0.13033262678381677,8
FEV1 (L/sec),stable,weekly,NA,129,-0.0032999999999999904,0.37480821762602806,0.03300002349071281,-0.06798004604179708,0.06138004604179711,9
FEV1 (L/sec),stable,weekly,NA,132,0.038564102564102566,0.41440969093566327,0.03606973380170273,-0.032132575687234786,0.10926078081543991,10
FEV1 (L/sec),stable,weekly,NA,135,0.06833333333333334,0.4033941638219652,0.03471864174310528,2.847955168470001e-4,0.1363818711498197,11
FEV1 (L/sec),stable,weekly,NA,125,0.02202597402597402,0.4793624596665092,0.04287548182703263,-0.062009970355009936,0.10606191840695797,12
FEV1 (L/sec),stable,weekly,NA,120,0.08742105263157894,0.5221340635803005,0.047664100777461194,-0.006000584892245003,0.18084269015540289,13
FEV1 (L/sec),stable,weekly,NA,135,0.08753947368421051,0.43978108010810635,0.0378503288719068,0.013352829095273189,0.16172611827314784,14
FEV1 (L/sec),stable,weekly,NA,122,0.10205333333333332,0.4125344176741691,0.03734911127234684,0.02884907523953352,0.1752575914271331,15
FEV1 (L/sec),stable,weekly,NA,118,0.0815753424657534,0.41260789557965655,0.037983635581507365,0.007127416725998967,0.15602326820550783,16
FEV1 (L/sec),stable,weekly,NA,119,0.06344303797468356,0.48190829925745887,0.044176461363473404,-0.02314282629772431,0.15002890224709142,17
FEV1 (L/sec),stable,weekly,NA,115,0.03256756756756757,0.385208219128841,0.03592085165113327,-0.037837301668653636,0.10297243680378877,18
FEV1 (L/sec),stable,weekly,NA,104,0.05456451612903222,0.48690914158893833,0.04774536950593671,-0.039016408102603733,0.14814544036066818,19
FEV1 (L/sec),stable,weekly,NA,114,0.046328571428571434,0.4567480744564434,0.0427783766003164,-0.03751704670804871,0.13017418956519158,20
FEV1 (L/sec),stable,weekly,NA,105,-0.020084507042253542,0.4948254453117461,0.048290018817652346,-0.11473294392485214,0.07456392984034504,21
FEV1 (L/sec),stable,weekly,NA,104,0.0709242424242424,0.34271860224729606,0.03360632385635013,0.0050558476657961565,0.13679263718268864,22
FEV1 (L/sec),stable,weekly,NA,111,-8.055555555555732e-4,0.27699090537207527,0.026290813258462907,-0.05233554954214287,0.05072443843103172,23
FEV1 (L/sec),stable,weekly,NA,114,0.06785135135135135,0.505642238634491,0.04735773464414693,-0.024969808551176628,0.16067251125387932,24
FEV1 (L/sec),stable,weekly,NA,124,0.04248192771084338,0.5352718561957681,0.04806883169923668,-0.05173298241966052,0.13669683784134729,25
FEV1 (L/sec),stable,weekly,NA,102,0.10580555555555553,0.43126602485479104,0.042701699487928874,0.022110224559214936,0.18950088655189612,26
FEV1 (L/sec),stable,weekly,NA,104,7.205882352941231e-4,0.3574020206237193,0.03504615148765069,-0.06796986868050123,0.06941104515108948,27
FEV1 (L/sec),stable,weekly,NA,105,0.09788571428571427,0.42392313846874713,0.041370662175622144,0.016799216421494872,0.17897221214993367,28
FEV1 (L/sec),stable,weekly,NA,107,0.11991176470588233,0.4220677152749738,0.04080282612044529,0.03993822550980955,0.1998853039019551,29
FEV1 (L/sec),stable,weekly,NA,105,0.09447692307692306,0.45839690456566634,0.044734957260501564,0.006796406846339989,0.1821574393075061,30
FEV1 (L/sec),stable,weekly,NA,110,0.11762857142857143,0.4480912553095476,0.0427238248505749,0.03388987472144463,0.20136726813569822,31
FEV1 (L/sec),stable,weekly,NA,97,0.07216923076923075,0.4657542461303617,0.04729017877031625,-0.020519519620589094,0.1648579811590506,32
FEV1 (L/sec),stable,weekly,NA,98,0.10372307692307693,0.47081384019098743,0.047559379867932385,0.010506692381929458,0.19693946146422442,33
FEV1 (L/sec),stable,weekly,NA,109,0.09571641791044776,0.3951401671509303,0.03784756384438404,0.021535192775455028,0.16989764304544047,34
FEV1 (L/sec),stable,weekly,NA,98,0.08297101449275361,0.40198990223689235,0.04060711226288912,0.003381074457490932,0.16256095452801628,35
FEV1 (L/sec),stable,weekly,NA,100,0.015774193548387095,0.43436489983463833,0.04343648998346383,-0.06936132681920201,0.1009097139159762,36
FEV1 (L/sec),stable,weekly,NA,98,-0.006803278688524618,0.4504598324553897,0.04550331459733744,-0.095989775299306,0.08238321792225675,37
FEV1 (L/sec),stable,weekly,NA,100,0.02796874999999998,0.41128968544949296,0.041128968544949296,-0.052644028348100634,0.10858152834810059,38
FEV1 (L/sec),stable,weekly,NA,87,0.11415094339622639,0.5131432322246285,0.05501472914352057,0.006322074274926079,0.2219798125175267,39
FEV1 (L/sec),stable,weekly,NA,93,0.07455,0.5998443420969832,0.062200960711192375,-0.047363882993937054,0.19646388299393708,40
FEV1 (L/sec),stable,weekly,NA,94,0.135968253968254,0.5359214545318627,0.05527607745300791,0.027627142160358484,0.24430936577614948,41
FEV1 (L/sec),stable,weekly,NA,93,0.14356060606060606,0.4615636343756824,0.04786191928917982,0.04975124425381361,0.2373699678673985,42
FEV1 (L/sec),stable,weekly,NA,92,0.13046153846153846,0.48508717247918043,0.05057383376804974,0.03133682427616097,0.22958625264691596,43
FEV1 (L/sec),stable,weekly,NA,91,0.07644067796610168,0.586980387124219,0.06153226392754803,-0.04416255933189245,0.19704391526409581,44
FEV1 (L/sec),stable,weekly,NA,96,0.12995588235294117,0.5149145541005643,0.052553246611629426,0.026951518994147494,0.23296024571173485,45
FEV1 (L/sec),stable,weekly,NA,93,0.12224675324675326,0.47521654775381794,0.04927766045572636,0.0256625387535296,0.2188309677399769,46
FEV1 (L/sec),stable,weekly,NA,94,0.028514705882352935,0.5038309504647177,0.05196619468320715,-0.07333903569673308,0.13036844746143894,47
FEV1 (L/sec),stable,weekly,NA,74,0.08333898305084744,0.4815847263218947,0.05598308729000869,-0.026387868037569595,0.19306583413926448,48
FEV1 (L/sec),stable,weekly,NA,95,0.09974999999999999,0.4648356895827376,0.04769113547884634,0.006275374461461161,0.1932246255385388,49
FEV1 (L/sec),stable,weekly,NA,82,0.15524615384615384,0.5343392540900758,0.05900789927086225,0.03959067127526383,0.27090163641704385,50
FEV1 (L/sec),stable,weekly,NA,72,0.08160344827586204,0.46546147407443933,0.05485516078318708,-0.025912666859184627,0.1891195634109087,51
FEV1 (L/sec),stable,weekly,NA,47,0.08456818181818178,0.5198482514594567,0.075827660779329,-0.06405403330930305,0.23319039694566662,52
FEV1 % predicted,all,visit,V1,133,0,0,0,0,0,NA
FEV1 % predicted,all,visit,V2,136,3.9642786295208583,17.56106948295262,1.5058492849578318,1.0128140310035083,6.915743228038208,NA
FEV1 % predicted,all,visit,V3,104,-0.8841039779594415,14.676518432114099,1.4391510360952688,-3.7048400087061686,1.9366320527872856,NA
FEV1 % predicted,all,visit,V4,65,8.277927507982586,24.025908978410055,2.9800472434015717,2.4370349109155054,14.118820105049666,NA
FEV1 % predicted,all,visit,V5,36,5.709586409882683,13.288457053844393,2.2147428423073987,1.368690438960182,10.050482380805185,NA
FEV1 % predicted,all,visit,NA,122,NA,NA,NA,NA,NA,NA
FEV1 % predicted,all,weekly,NA,257,0,0,0,0,0,0
FEV1 % predicted,all,weekly,NA,210,1.907324250869802,17.2056967709397,1.1873058766113442,-0.41979526728843264,4.2344437690280365,1
FEV1 % predicted,all,weekly,NA,192,-2.306489773017508,20.786508282535664,1.500137019054294,-5.2467583303639245,0.6337787843289084,2
FEV1 % predicted,all,weekly,NA,176,-0.22687250569492695,19.22535815063171,1.4491658964965084,-3.0672376628280835,2.6134926514382295,3
FEV1 % predicted,all,weekly,NA,184,0.6022865545219278,15.094735887088525,1.1127986934169294,-1.5787988845752539,2.7833719936191095,4
FEV1 % predicted,all,weekly,NA,176,0.41632835143319324,15.110472886022107,1.1389947492675914,-1.8161013571312856,2.648758059997672,5
FEV1 % predicted,all,weekly,NA,168,-1.1048965020272368,15.540832920856609,1.199001290444668,-3.454939031298786,1.2451460272443127,6
FEV1 % predicted,all,weekly,NA,172,-2.112279355672684,20.082278491088168,1.5312593794560816,-5.113547739406604,0.8889890280612356,7
FEV1 % predicted,all,weekly,NA,151,2.7398548180748716,12.510210453469895,1.0180664883832113,0.7444445008437774,4.735265135305966,8
FEV1 % predicted,all,weekly,NA,147,-0.06204406250587129,12.864977857609691,1.0610854898870759,-2.14177162268454,2.017683497672797,9
FEV1 % predicted,all,weekly,NA,146,1.9016746454229077,15.845808829005433,1.3114084696552288,-0.6686859551013409,4.472035245947156,10
FEV1 % predicted,all,weekly,NA,144,2.669296944418707,13.5161906340028,1.1263492195002334,0.4616524741982495,4.876941414639164,11
FEV1 % predicted,all,weekly,NA,141,0.8189400813144757,17.137747200428294,1.4432586727593044,-2.009846917293761,3.647727079922712,12
FEV1 % predicted,all,weekly,NA,137,2.755777232184829,17.879381164068434,1.5275386212758681,-0.23819846551587265,5.74975292988553,13
FEV1 % predicted,all,weekly,NA,146,3.0502721230916143,15.514085874782381,1.2839548826252718,0.5337205531460816,5.566823693037147,14
FEV1 % predicted,all,weekly,NA,133,3.6426694119834124,14.669925974674518,1.2720439064821116,1.1494633552784737,6.135875468688351,15
FEV1 % predicted,all,weekly,NA,133,2.472681538741021,15.046728438734048,1.304716823794839,-0.08456343589686366,5.029926513378905,16
FEV1 % predicted,all,weekly,NA,130,2.8736269463815476,17.39674760715031,1.5257956998711553,-0.11693262536591664,5.864186518129012,17
FEV1 % predicted,all,weekly,NA,127,1.0038280394070722,13.747449529943573,1.2198888828264924,-1.387154170932853,3.3948102497469974,18
FEV1 % predicted,all,weekly,NA,120,1.4121937766417083,17.772017929375636,1.6223558520508816,-1.7676236933780196,4.5920112466614365,19
FEV1 % predicted,all,weekly,NA,132,1.9122846860695741,16.440807882359216,1.4309886490895265,-0.8924530661458978,4.717022438285046,20
FEV1 % predicted,all,weekly,NA,123,1.2569838153261157,18.917156367724285,1.7057025471032645,-2.086193176996283,4.600160807648514,21
FEV1 % predicted,all,weekly,NA,119,4.9349509334625,16.48958630777173,1.511597898495132,1.9722190524120413,7.897682814512958,22
FEV1 % predicted,all,weekly,NA,127,0.8743535364917937,11.987657168150625,1.0637325620807194,-1.2105622851864162,2.959269358170004,23
FEV1 % predicted,all,weekly,NA,124,2.8187437385340615,19.81945996614179,1.7798400466132351,-0.6697427528278794,6.307230229896002,24
FEV1 % predicted,all,weekly,NA,137,0.0664963400412004,21.387331482688335,1.8272430430361546,-3.5149000243096626,3.6478927043920635,25
FEV1 % predicted,all,weekly,NA,115,3.4086647231240406,18.544287645524015,1.7292637394842592,0.019307793734892886,6.798021652513189,26
FEV1 % predicted,all,weekly,NA,117,1.1478013669396372,15.678898155672599,1.4495146472578289,-1.6932473416857072,3.9888500755649816,27
FEV1 % predicted,all,weekly,NA,114,3.8137519218777385,16.041024401467197,1.502379585764991,0.8690879337783559,6.758415909977121,28
FEV1 % predicted,all,weekly,NA,115,4.2298362567854095,15.95979596765932,1.4882586478376687,1.312849307023579,7.14682320654724,29
FEV1 % predicted,all,weekly,NA,111,3.235648826382405,16.816764261328185,1.5961766261324515,0.10714263916280009,6.36415501360201,30
FEV1 % predicted,all,weekly,NA,121,3.735551631585392,15.73696511319514,1.430633192108649,0.9315105750524402,6.5395926881183435,31
FEV1 % predicted,all,weekly,NA,106,2.023136454201644,16.646357558681384,1.616837175649121,-1.1458644100706334,5.192137318473922,32
FEV1 % predicted,all,weekly,NA,108,3.468162294075076,16.205003854977143,1.5593272229816628,0.4118809370310168,6.524443651119135,33
FEV1 % predicted,all,weekly,NA,120,2.877967600182297,16.816443132408647,1.5351242067705084,-0.1308758450878993,5.886811045452493,34
FEV1 % predicted,all,weekly,NA,113,2.429991627629298,15.204380353431077,1.4303077889314189,-0.3734116386762829,5.233394893934879,35
FEV1 % predicted,all,weekly,NA,114,0.8343027021024515,13.54321517414697,1.2684383175303953,-1.6518364002571233,3.320441804462026,36
FEV1 % predicted,all,weekly,NA,110,2.6655016804817433,20.40316236417074,1.9453652016540455,-1.1474141147601857,6.478417475723672,37
FEV1 % predicted,all,weekly,NA,108,2.5684836364643413,16.166572748835936,1.5556291880690158,-0.48054957215092964,5.617516845079612,38
FEV1 % predicted,all,weekly,NA,98,4.284143377782729,17.5891767078153,1.7767751607978104,0.8016640626190208,7.766622692946437,39
FEV1 % predicted,all,weekly,NA,99,2.2269221899448093,20.83107594299011,2.0936019055241513,-1.8765375448825274,6.330381924772146,40
FEV1 % predicted,all,weekly,NA,99,3.9362818260733987,21.09020367885447,2.1196452228767693,-0.21822281076506878,8.090786462911867,41
FEV1 % predicted,all,weekly,NA,96,4.690095517679322,17.359301092889986,1.7717262487049517,1.2175120702176168,8.162678965141026,42
FEV1 % predicted,all,weekly,NA,99,5.3541070074013914,17.858194454648277,1.7948160739173882,1.8362675025233108,8.871946512279472,43
FEV1 % predicted,all,weekly,NA,97,2.5955961827375043,23.069742877949984,2.342377496174514,-1.9954637097645427,7.186656075239551,44
FEV1 % predicted,all,weekly,NA,102,4.7802553511566614,19.412825821094412,1.9221561788990773,1.01282924051447,8.547681461798852,45
FEV1 % predicted,all,weekly,NA,98,4.743215997734137,17.84559964324974,1.802677788868875,1.2099675315511425,8.276464463917133,46
FEV1 % predicted,all,weekly,NA,98,1.14406736654314,19.808192866617745,2.0009296427194863,-2.777754733187053,5.065889466273333,47
FEV1 % predicted,all,weekly,NA,84,5.054395493834678,18.14155875978164,1.9794063390759178,1.1747590692458787,8.934031918423477,48
FEV1 % predicted,all,weekly,NA,101,4.187797753546671,17.390900370135224,1.7304592639521215,0.796097596200513,7.5794979108928295,49
FEV1 % predicted,all,weekly,NA,92,5.268446568720813,18.061438134600866,1.8830350948322028,1.5776977828496954,8.95919535459193,50
FEV1 % predicted,all,weekly,NA,80,2.5472216356307937,15.693893011029514,1.7546305802135425,-0.8918543015877494,5.986297572849336,51
FEV1 % predicted,all,weekly,NA,51,3.3327484638197755,17.117649729985192,2.3969504002265705,-1.365274320624302,8.030771248263854,52
FEV1 % predicted,stable,visit,V1,133,0,0,0,0,0,NA
FEV1 % predicted,stable,visit,V2,135,3.8842037829564537,17.798234898488793,1.531828163416328,0.8818205826604508,6.886586983252457,NA
FEV1 % predicted,stable,visit,V3,104,-1.6316917910277053,14.415565909041833,1.4135625359555235,-4.402274361500531,1.1388907794451206,NA
FEV1 % predicted,stable,visit,V4,65,8.05196556295286,23.53333758339959,2.9189512811552127,2.330821051888644,13.773110074017076,NA
FEV1 % predicted,stable,visit,V5,32,5.387031006679841,13.549061304483695,2.3951582817781674,0.6925207743946329,10.081541238965048,NA
FEV1 % predicted,stable,visit,NA,119,NA,NA,NA,NA,NA,NA
FEV1 % predicted,stable,weekly,NA,247,0,0,0,0,0,0
FEV1 % predicted,stable,weekly,NA,200,1.9414304767818205,17.727098795352404,1.2534951768957563,-0.5154200699338618,4.3982810234975025,1
FEV1 % predicted,stable,weekly,NA,174,-2.5515678095514853,20.898418635680287,1.584305028160212,-5.656805664745501,0.5536700456425301,2
FEV1 % predicted,stable,weekly,NA,163,-0.4512726632646247,19.645629826898478,1.5387644858513339,-3.4672510555332385,2.5647057290039896,3
FEV1 % predicted,stable,weekly,NA,162,0.7616814015129652,15.519057894914138,1.219292341680046,-1.6281315881799252,3.1514943912058557,4
FEV1 % predicted,stable,weekly,NA,161,0.7618533109280223,15.406233669799086,1.2141813076119867,-1.6179420519914718,3.1416486738475164,5
FEV1 % predicted,stable,weekly,NA,151,-1.190463769548901,15.910614723403087,1.2947874633859915,-3.7282471977854446,1.3473196586876421,6
FEV1 % predicted,stable,weekly,NA,156,-2.4784033528646967,19.796925159345385,1.5850225383917285,-5.585047528112485,0.6282408223830909,7
FEV1 % predicted,stable,weekly,NA,135,2.3471103979379278,11.117220391137819,0.9568179873554284,0.47174714272128804,4.222473653154568,8
FEV1 % predicted,stable,weekly,NA,129,-0.4971999877567394,12.745891755161475,1.1222131947760217,-2.6967378495177416,1.702337874004263,9
FEV1 % predicted,stable,weekly,NA,132,1.2341624083530829,16.042480431772017,1.396318694639012,-1.5026222331393808,3.9709470498455466,10
FEV1 % predicted,stable,weekly,NA,135,2.310463143769845,13.83921747615616,1.19109019577101,-0.0240736399413346,4.644999927481024,11
FEV1 % predicted,stable,weekly,NA,125,0.5915655156326634,17.630506744926638,1.5769204623769804,-2.499198590626218,3.6823296218915447,12
FEV1 % predicted,stable,weekly,NA,120,2.735984902771542,18.612425402240213,1.6990742071148548,-0.5942005431735731,6.066170348716657,13
FEV1 % predicted,stable,weekly,NA,135,3.0597886706475137,15.943187205571382,1.372171078503225,0.3703333567811926,5.749243984513835,14
FEV1 % predicted,stable,weekly,NA,122,3.638877842857702,15.071807081493931,1.364537298331967,0.964384738127047,6.313370947588357,15
FEV1 % predicted,stable,weekly,NA,118,2.696844485185018,15.647958971531368,1.440511385110613,-0.12655782963178375,5.52024680000182,16
FEV1 % predicted,stable,weekly,NA,119,2.6507251000053618,17.671651880061177,1.6199576718457847,-0.5243919368123762,5.8258421368231,17
FEV1 % predicted,stable,weekly,NA,115,1.249111053335704,14.348118686296427,1.3379689664174113,-1.373308120842422,3.87153022751383,18
FEV1 % predicted,stable,weekly,NA,104,1.5640285550067483,17.921414818425124,1.7573393051988577,-1.8803564831830129,5.00841359319651,19
FEV1 % predicted,stable,weekly,NA,114,1.1861193982396498,16.8147599452463,1.5748465589869867,-1.900579857374844,4.272818653854143,20
FEV1 % predicted,stable,weekly,NA,105,-0.3257521651629408,18.85420202589762,1.839981713245987,-3.9321163231250753,3.280611992799194,21
FEV1 % predicted,stable,weekly,NA,104,2.696866946308492,14.14833807477289,1.3873586909264375,-0.02235608790732524,5.416089980524309,22
FEV1 % predicted,stable,weekly,NA,111,-0.10711261619800656,10.363608700698444,0.9836702063118096,-2.0351062205691535,1.8208809881731403,23
FEV1 % predicted,stable,weekly,NA,114,2.3054622033113445,19.393991204803527,1.8164136992359146,-1.2547086471910478,5.8656330538137365,24
FEV1 % predicted,stable,weekly,NA,124,0.9649553191389794,22.2754891015967,2.0003979739432043,-2.955824709789701,4.8857353480676595,25
FEV1 % predicted,stable,weekly,NA,102,3.932361802479269,16.576821114007707,1.641349869639859,0.7153160579851456,7.149407546973393,26
FEV1 % predicted,stable,weekly,NA,104,-0.14462480167702552,12.838729428130712,1.2589409977649315,-2.612149157296291,2.32289955394224,27
FEV1 % predicted,stable,weekly,NA,105,3.6215127500887965,16.407816271474985,1.6012389096258568,0.48308448722211716,6.759941012955476,28
FEV1 % predicted,stable,weekly,NA,107,4.1947208623382695,16.2226208228239,1.568299949737585,1.120852960852603,7.268588763823936,29
FEV1 % predicted,stable,weekly,NA,105,3.5559759644768687,17.210370361719914,1.6795601691473738,0.2640380329480161,6.847913896005721,30
FEV1 % predicted,stable,weekly,NA,110,3.9587777571760756,16.34015791975375,1.5579729278850283,0.9051508185214203,7.012404695830731,31
FEV1 % predicted,stable,weekly,NA,97,2.901194917537944,17.256554712316518,1.752137665056906,-0.5329949059735917,6.33538474104948,32
FEV1 % predicted,stable,weekly,NA,98,3.4483799125691688,16.767143594869967,1.6937372767230199,0.1286548501920497,6.768104974946288,33
FEV1 % predicted,stable,weekly,NA,109,3.6344491686462748,15.016061391056995,1.4382778300848875,0.8154246216798953,6.453473715612654,34
FEV1 % predicted,stable,weekly,NA,98,2.969514277272123,15.219804207577369,1.5374323947870723,-0.04385321651053875,5.982881771054784,35
FEV1 % predicted,stable,weekly,NA,100,0.4193504399787474,14.753817873036287,1.4753817873036286,-2.4723978631363646,3.311098743093859,36
FEV1 % predicted,stable,weekly,NA,98,-0.5470327411804992,15.21230822842029,1.536675186545129,-3.558916106808952,2.464850624447953,37
FEV1 % predicted,stable,weekly,NA,100,0.6068072323420166,13.700628401356287,1.3700628401356287,-2.0785159343238155,3.2921303990078488,38
FEV1 % predicted,stable,weekly,NA,87,4.155344669705722,18.986832295882095,2.035602090127826,0.16556457305518357,8.145124766356261,39
FEV1 % predicted,stable,weekly,NA,93,2.856671506851043,21.382897413090102,2.217303171075061,-1.4892427084560764,7.202585722158162,40
FEV1 % predicted,stable,weekly,NA,94,4.262548014751064,21.291095213735534,2.1960087959565735,-0.04162922532381952,8.566725254825947,41
FEV1 % predicted,stable,weekly,NA,93,5.046524468369959,17.425443778654564,1.8069343457705596,1.504933150659662,8.588115786080255,42
FEV1 % predicted,stable,weekly,NA,92,4.537389228975976,18.06501475947813,1.883407983752495,0.8459095808210857,8.228868877130866,43
FEV1 % predicted,stable,weekly,NA,91,2.0875301538923092,23.06206647977906,2.417561459422522,-2.650890306575833,6.825950614360451,44
FEV1 % predicted,stable,weekly,NA,96,4.766771071354958,19.556835544251523,1.9960111694558993,0.8545891792213953,8.67895296348852,45
FEV1 % predicted,stable,weekly,NA,93,4.504871023416887,18.01215926704937,1.8677739077721178,0.8440341641835358,8.165707882650239,46
FEV1 % predicted,stable,weekly,NA,94,0.9808493884713652,19.908668676353948,2.053422385751839,-3.0438584876022396,5.00555726454497,47
FEV1 % predicted,stable,weekly,NA,74,3.3732631627964857,18.63683956979963,2.1664885936365836,-0.8730544807312177,7.619580806324189,48
FEV1 % predicted,stable,weekly,NA,95,3.4516421546755645,17.50484732958143,1.7959594416706168,-0.06843835099884465,6.971722660349974,49
FEV1 % predicted,stable,weekly,NA,82,5.236569857428598,18.413453534545397,2.033425774128125,1.2510553401374729,9.222084374719723,50
FEV1 % predicted,stable,weekly,NA,72,2.2173314034918246,15.829985366039061,1.8655816664016722,-1.439208662655453,5.873871469639102,51
FEV1 % predicted,stable,weekly,NA,47,2.5616040415229344,17.423906865945355,2.5415380268612258,-2.4198104911250677,7.543018574170937,52
FVC (L),all,visit,V1,133,0,0,0,0,0,NA
FVC (L),all,visit,V2,136,0.15151195748449953,0.5946349065303336,0.0509895225731501,0.05157249324112534,0.2514514217278737,NA
FVC (L),all,visit,V3,104,0.005033045977011479,0.4252565043851111,0.0416998310411911,-0.07669862286372307,0.08676471481774604,NA
FVC (L),all,visit,V4,65,0.17329107142857145,0.6793654457393913,0.0842649127513647,0.008131842435896625,0.33845030042124624,NA
FVC (L),all,visit,V5,36,0.19566666666666663,0.4867506890938454,0.08112511484897424,0.036661441562677116,0.35467189177065617,NA
FVC (L),all,visit,NA,122,NA,NA,NA,NA,NA,NA
FVC (L),all,weekly,NA,257,0,0,0,0,0,0
FVC (L),all,weekly,NA,210,0.008322580645161289,0.5238013147596581,0.0361457247253884,-0.06252303981659998,0.07916820110692255,1
FVC (L),all,weekly,NA,192,-0.10633333333333334,0.6493056070060829,0.04685959587391191,-0.1981781412462007,-0.014488525420465984,2
FVC (L),all,weekly,NA,176,-0.016038461538461543,0.6187373287603501,0.046639080983746736,-0.10745106026660514,0.07537413718968206,3
FVC (L),all,weekly,NA,184,0.026415094339622663,0.5795183857213148,0.042722662209239426,-0.05732132359048661,0.11015151226973194,4
FVC (L),all,weekly,NA,176,-0.008949494949494947,0.5858277132981246,0.04415842538185854,-0.09550000869793768,0.07760101879894779,5
FVC (L),all,weekly,NA,168,-0.05621000000000001,0.6130451776157935,0.047297462292111285,-0.14891302609253812,0.0364930260925381,6
FVC (L),all,weekly,NA,172,-0.044312500000000005,0.6328163280664996,0.04825179265663486,-0.1388860136070043,0.050261013607004315,7
FVC (L),all,weekly,NA,151,0.040450980392156846,0.45563263879323085,0.03707885828893797,-0.032223581854161576,0.11312554263847527,8
FVC (L),all,weekly,NA,147,0.02238202247191009,0.42619192501250314,0.035151717518916215,-0.0465153438651657,0.09127938880898587,9
FVC (L),all,weekly,NA,146,0.037093023255813935,0.462143105615998,0.038247235558478594,-0.03787155843880411,0.11205760495043199,10
FVC (L),all,weekly,NA,144,0.05082608695652172,0.5391774078299184,0.0449314506524932,-0.037239556322364954,0.1388917302354084,11
FVC (L),all,weekly,NA,141,0.09418292682926828,0.5055309671199716,0.04257338751186993,0.010739087306003217,0.17762676635253333,12
FVC (L),all,weekly,NA,137,0.0986867469879518,0.5207912818130307,0.04449420196890905,0.011478111128890064,0.1858953828470135,13
FVC (L),all,weekly,NA,146,0.1272962962962963,0.44905504797420004,0.037164060201006675,0.05445473830232321,0.20013785429026937,14
FVC (L),all,weekly,NA,133,0.116325,0.5010230742052465,0.043444210260499216,0.03117434788942154,0.20147565211057844,15
FVC (L),all,weekly,NA,133,0.07584999999999996,0.4240543642004741,0.03677017668184432,0.003780453703585096,0.14791954629641482,16
FVC (L),all,weekly,NA,130,0.04836585365853663,0.5208343143622197,0.045680191214166305,-0.041167321121229325,0.1378990284383026,17
FVC (L),all,weekly,NA,127,0.04430487804878046,0.4287881484745202,0.03804879547093486,-0.030270761074251862,0.11888051717181278,18
FVC (L),all,weekly,NA,120,0.06433802816901406,0.46334988148920064,0.0422978636848301,-0.01856578465325294,0.14724184099128107,19
FVC (L),all,weekly,NA,132,0.028341772151898717,0.48762806039439394,0.04244257486583978,-0.05484567458514725,0.11152921888894468,20
FVC (L),all,weekly,NA,123,0.045439024390243894,0.5167323517998145,0.04659218708681818,-0.04588166229991974,0.13675971108040752,21
FVC (L),all,weekly,NA,119,0.16321794871794873,0.5631249462847523,0.05162157918983247,0.06203965350587709,0.26439624393002037,22
FVC (L),all,weekly,NA,127,0.02945783132530124,0.42869678582388193,0.038040688346658726,-0.04510191783414986,0.10401758048475235,23
FVC (L),all,weekly,NA,124,0.09318987341772153,0.5243759924277609,0.047090354247788915,8.927790920552625e-4,0.1854869677433878,24
FVC (L),all,weekly,NA,137,-0.029627659574468078,0.5196951543167109,0.044400553476877574,-0.11665274438914813,0.05739742524021197,25
FVC (L),all,weekly,NA,115,0.10259036144578312,0.5072882241339629,0.04730487081686104,0.009872814644735481,0.19530790824683075,26
FVC (L),all,weekly,NA,117,0.03327027027027027,0.47232474599514473,0.04366643821425638,-0.05231594862967223,0.11885648917021277,27
FVC (L),all,weekly,NA,114,0.09781333333333335,0.46631843583929167,0.043674723068604905,0.01221087611886773,0.18341579054779897,28
FVC (L),all,weekly,NA,115,0.10801408450704227,0.5931348796969189,0.055310112725241695,-3.937364344314548e-4,0.21642190544851597,29
FVC (L),all,weekly,NA,111,0.06904347826086957,0.5540807552838837,0.05259101791702819,-0.034034916856505684,0.1721218733782448,30
FVC (L),all,weekly,NA,121,0.12772727272727272,0.6140789345019442,0.055825357681994925,0.01830957167056267,0.23714497378398275,31
FVC (L),all,weekly,NA,106,0.0074246575342466065,0.5235827409357415,0.05085485140451517,-0.09225085121860313,0.10710016628709634,32
FVC (L),all,weekly,NA,108,0.11732857142857145,0.5578458496085329,0.05367874190630032,0.01211823729222282,0.22253890556492006,33
FVC (L),all,weekly,NA,120,0.09183999999999999,0.5099436121450759,0.046551269904587245,5.995109870089999e-4,0.18308048901299098,34
FVC (L),all,weekly,NA,113,0.0791392405063291,0.5307986902718276,0.04993334048493897,-0.018730106844151273,0.17700858785680948,35
FVC (L),all,weekly,NA,114,0.05228571428571432,0.487145305706809,0.04562533815036241,-0.03713994848899601,0.14171137706042464,36
FVC (L),all,weekly,NA,110,0.06249315068493152,0.5587605112928196,0.05327572438654428,-0.041927269112695266,0.1669135704825583,37
FVC (L),all,weekly,NA,108,0.06968421052631579,0.5015286554930852,0.04825961737587397,-0.024904639530397177,0.16427306058302876,38
FVC (L),all,weekly,NA,98,0.10370967741935484,0.5264896862625875,0.05318348962586479,-5.299622473401433e-4,0.20794931708604983,39
FVC (L),all,weekly,NA,99,0.11135384615384611,0.6148664344486032,0.06179640179544457,-0.009767101365225253,0.23247479367291746,40
FVC (L),all,weekly,NA,99,0.17563076923076923,0.5759425852795238,0.057884407762407504,0.062177330016450524,0.2890842084450879,41
FVC (L),all,weekly,NA,96,0.1348088235294118,0.4941619849641106,0.05043519639345684,0.03595583859823638,0.2336618084605872,42
FVC (L),all,weekly,NA,99,0.2058333333333333,0.5314295628601124,0.05341068068210855,0.10114839919640055,0.31051826747026606,43
FVC (L),all,weekly,NA,97,0.11774603174603172,0.569480435763925,0.057821977657152364,0.004414955538013091,0.23107710795405034,44
FVC (L),all,weekly,NA,102,0.15102898550724636,0.6289591535183695,0.06227623604889025,0.028967562851421463,0.2730904081630713,45
FVC (L),all,weekly,NA,98,0.11778481012658229,0.583406610874837,0.05893296724837981,0.0022761943197578544,0.23329342593340674,46
FVC (L),all,weekly,NA,98,0.05679710144927537,0.6166491179733878,0.062290967561669415,-0.06529319497159668,0.1788873978701474,47
FVC (L),all,weekly,NA,84,0.19381159420289854,0.5919546454049827,0.06458754691783515,0.06722000224394165,0.3204031861618554,48
FVC (L),all,weekly,NA,101,0.13754430379746832,0.5602722734955804,0.05574917487716049,0.02827592103823376,0.24681268655670288,49
FVC (L),all,weekly,NA,92,0.16525714285714288,0.5989779867168981,0.06244777196668016,0.04285950980244978,0.28765477591183597,50
FVC (L),all,weekly,NA,80,0.11285714285714282,0.5687086066367141,0.06358355519144403,-0.011766625318087462,0.23748091103237312,51
FVC (L),all,weekly,NA,51,0.1324893617021276,0.5948588021115463,0.08329689334055572,-0.030772549245361602,0.2957512726496168,52
FVC (L),stable,visit,V1,133,0,0,0,0,0,NA
FVC (L),stable,visit,V2,135,0.1525090390104662,0.5982137606990054,0.051486042947985713,0.0515963948324142,0.2534216831885182,NA
FVC (L),stable,visit,V3,104,-0.00904805302402653,0.4126490174704654,0.04046356523743833,-0.08835664088940566,0.0702605348413526,NA
FVC (L),stable,visit,V4,65,0.17199617590822183,0.6814706375702521,0.08452602966136488,0.006325157771946671,0.33766719404449697,NA
FVC (L),stable,visit,V5,32,0.17754999999999996,0.49207802922108324,0.086987927833785,0.007053661445781345,0.34804633855421857,NA
FVC (L),stable,visit,NA,119,NA,NA,NA,NA,NA,NA
FVC (L),stable,weekly,NA,247,0,0,0,0,0,0
FVC (L),stable,weekly,NA,200,0.009496551724137926,0.5374173983576186,0.038001148670630425,-0.06498569967029771,0.08397880311857356,1
FVC (L),stable,weekly,NA,174,-0.09789230769230768,0.6546214746967657,0.04962672592523547,-0.1951606905057692,-6.239248788461604e-4,2
FVC (L),stable,weekly,NA,163,-0.028141414141414148,0.6311792819163418,0.049437776837686964,-0.1250394567432806,0.0687566284604523,3
FVC (L),stable,weekly,NA,162,0.04842857142857144,0.593461087061039,0.0466267065590223,-0.04295977342711226,0.13981691628425513,4
FVC (L),stable,weekly,NA,161,-0.00741935483870967,0.6004991460476251,0.04732596259378269,-0.10017824152252375,0.0853395318451044,5
FVC (L),stable,weekly,NA,151,-0.05925806451612904,0.6251856403123275,0.05087688586756294,-0.1589767608165524,0.04046063178429432,6
FVC (L),stable,weekly,NA,156,-0.04998058252427185,0.6399651029178064,0.05123821521495546,-0.15040748434558454,0.05044631929704085,7
FVC (L),stable,weekly,NA,135,0.030129411764705873,0.4610899557992297,0.03968430488697623,-0.047651825813767534,0.10791064934317929,8
FVC (L),stable,weekly,NA,129,0.00526249999999997,0.40751499914152417,0.03587969503354407,-0.06506170226574641,0.07558670226574636,9
FVC (L),stable,weekly,NA,132,0.012166666666666636,0.46198887985342796,0.04021097064124163,-0.06664683579016696,0.09098016912350022,10
FVC (L),stable,weekly,NA,135,0.03458333333333331,0.5545710207613386,0.04772987394884249,-0.05896721960639796,0.1281338862730646,11
FVC (L),stable,weekly,NA,125,0.08506493506493505,0.5189644379273203,0.04641759044441832,-0.005913542206124861,0.17604341233599496,12
FVC (L),stable,weekly,NA,120,0.10109210526315789,0.540510084460511,0.0493415943030074,0.004382580429263386,0.19780163009705237,13
FVC (L),stable,weekly,NA,135,0.11480263157894736,0.45255385004768484,0.038949633877705156,0.03846134917864526,0.19114391397924946,14
FVC (L),stable,weekly,NA,122,0.09385333333333333,0.5077793118565875,0.045972178823892824,0.0037478628385033963,0.18395880382816326,15
FVC (L),stable,weekly,NA,118,0.07445205479452052,0.44006489550140626,0.04051125730266727,-0.004950009518707318,0.15385411910774838,16
FVC (L),stable,weekly,NA,119,0.03850632911392409,0.5158541304804951,0.04728827060972647,-0.05417868128113979,0.13119133950898798,17
FVC (L),stable,weekly,NA,115,0.06770270270270268,0.4309393921639361,0.04018530552530286,-0.011060496126890931,0.14646590153229627,18
FVC (L),stable,weekly,NA,104,0.06654838709677417,0.466764295395837,0.04577000481676462,-0.02316082234408448,0.15625759653763283,19
FVC (L),stable,weekly,NA,114,0.013957142857142852,0.5012857218675195,0.04694970946496061,-0.07806428769417995,0.10597857340846564,20
FVC (L),stable,weekly,NA,105,-0.011535211267605639,0.49927189360353014,0.048723947738883736,-0.10703414883581776,0.08396372630060649,21
FVC (L),stable,weekly,NA,104,0.1169848484848485,0.5338879309778625,0.052352018810149975,0.014374891616954544,0.21959480535274245,22
FVC (L),stable,weekly,NA,111,-0.013486111111111069,0.39342576274349056,0.03734232084430097,-0.08667705996594097,0.059704837743718826,23
FVC (L),stable,weekly,NA,114,0.09290540540540541,0.5122935045117222,0.04798068276911415,-0.0011367328220583256,0.18694754363286914,24
FVC (L),stable,weekly,NA,124,-0.0035542168674698735,0.5106725898028046,0.04585975236416403,-0.09343933150123136,0.08633089776629162,25
FVC (L),stable,weekly,NA,102,0.1313472222222222,0.46360923807229953,0.045904154797857546,0.04137507881842141,0.221319365626023,26
FVC (L),stable,weekly,NA,104,0.016808823529411772,0.45628644634156423,0.044742567186221986,-0.07088660815558331,0.10450425521440687,27
FVC (L),stable,weekly,NA,105,0.10387142857142857,0.4715007468120347,0.04601376132091525,0.013684456382434679,0.19405840076042247,28
FVC (L),stable,weekly,NA,107,0.11607352941176471,0.5983635723053202,0.05784598990632663,0.0026953891953645226,0.2294516696281649,29
FVC (L),stable,weekly,NA,105,0.08475384615384615,0.5657722606858155,0.05521371904755439,-0.023465043179360462,0.19297273548705277,30
FVC (L),stable,weekly,NA,110,0.14324285714285714,0.633145779301095,0.06036808141023403,0.02492141757879844,0.26156429670691583,31
FVC (L),stable,weekly,NA,97,0.038984615384615395,0.5382157006113956,0.054647524763048454,-0.06812453315095957,0.14609376392019036,32
FVC (L),stable,weekly,NA,98,0.13243076923076924,0.5705437091393275,0.05763361795653481,0.01946887803596102,0.24539266042557745,33
FVC (L),stable,weekly,NA,109,0.12113432835820895,0.49900297246708003,0.047795816343245576,0.02745452832544762,0.21481412839097028,34
FVC (L),stable,weekly,NA,98,0.10204347826086957,0.549757739018973,0.05553391789572857,-0.006803000814758431,0.21088995733649757,35
FVC (L),stable,weekly,NA,100,0.052500000000000026,0.5066970107033765,0.05066970107033765,-0.04681261409786177,0.15181261409786181,36
FVC (L),stable,weekly,NA,98,-0.009442622950819659,0.49936715032095585,0.05044369975624999,-0.10831227447306963,0.08942702857143031,37
FVC (L),stable,weekly,NA,100,0.022296875000000004,0.47380605769401013,0.047380605769401014,-0.07056911230802598,0.115162862308026,38
FVC (L),stable,weekly,NA,87,0.1068867924528302,0.5238400247718528,0.056161545680764424,-0.0031898370814680693,0.21696342198712848,39
FVC (L),stable,weekly,NA,93,0.1420333333333333,0.6113185517808309,0.06339078082892818,0.01778740290863405,0.2662792637580325,40
FVC (L),stable,weekly,NA,94,0.18969841269841267,0.5765542985625796,0.05946703531592802,0.07314302347919376,0.3062538019176316,41
FVC (L),stable,weekly,NA,93,0.14615151515151517,0.4956568056605992,0.05139721646344274,0.04541297088316741,0.24689005941986292,42
FVC (L),stable,weekly,NA,92,0.18896923076923075,0.5415083381522962,0.05645614691842317,0.07831518280912134,0.29962327872934014,43
FVC (L),stable,weekly,NA,91,0.11535593220338981,0.5718477541152156,0.05994593295524645,-0.002138096388893229,0.23284996079567286,44
FVC (L),stable,weekly,NA,96,0.15170588235294116,0.6336101739257308,0.06466756758142264,0.0249574498933528,0.2784543148125295,45
FVC (L),stable,weekly,NA,93,0.11311688311688313,0.5893344813392649,0.06111113891878269,-0.006660949163930938,0.23289471539769718,46
FVC (L),stable,weekly,NA,94,0.052455882352941186,0.6201707861506637,0.06396573251448132,-0.07291695337544218,0.17782871808132455,47
FVC (L),stable,weekly,NA,74,0.11437288135593221,0.5510190840397793,0.06405466742240645,-0.011174266791984439,0.23992002950384886,48
FVC (L),stable,weekly,NA,95,0.11695833333333329,0.5531323209112081,0.0567501787093518,0.005727983063003761,0.22818868360366282,49
FVC (L),stable,weekly,NA,82,0.15960000000000002,0.6083209422254012,0.0671778099932396,0.02793149241325038,0.29126850758674966,50
FVC (L),stable,weekly,NA,72,0.1057413793103448,0.5749383051675556,0.06775712905797988,-0.027062593643295774,0.23854535226398538,51
FVC (L),stable,weekly,NA,47,0.1023863636363636,0.5972817579789093,0.08712249854944111,-0.06837373352054098,0.27314646079326815,52
FVC % predicted,all,visit,V1,133,0,0,0,0,0,NA
FVC % predicted,all,visit,V2,136,4.007422194384574,16.669272868223565,1.4293783561273758,1.2058406163749176,6.809003772394231,NA
FVC % predicted,all,visit,V3,104,0.07386680484878486,12.15788427726806,1.192178637957553,-2.262803325548019,2.4105369352455885,NA
FVC % predicted,all,visit,V4,65,4.855074232748402,20.828507842587438,2.58345844214458,-0.20850431385497448,9.918652779351778,NA
FVC % predicted,all,visit,V5,36,6.087392910593943,13.566644854473036,2.261107475745506,1.6556222581327509,10.519163563055134,NA
FVC % predicted,all,visit,NA,122,NA,NA,NA,NA,NA,NA
FVC % predicted,all,weekly,NA,257,0,0,0,0,0,0
FVC % predicted,all,weekly,NA,210,0.9811362338267273,17.038102282609564,1.1757407581781212,-1.3233156522023901,3.285588119855845,1
FVC % predicted,all,weekly,NA,192,-3.1387864035647466,17.770368172612958,1.2824658560071063,-5.652419481338675,-0.6251533257908184,2
FVC % predicted,all,weekly,NA,176,-0.49382885598545,18.500874363234868,1.3945558762808052,-3.2271583734958282,2.2395006615249278,3
FVC % predicted,all,weekly,NA,184,0.43393042874149207,15.476673652597531,1.1409555190549685,-1.8023423886062464,2.6702032460892307,4
FVC % predicted,all,weekly,NA,176,-0.26634136381309165,15.524785461783985,1.1702247347159516,-2.559981843856357,2.0272991162301732,5
FVC % predicted,all,weekly,NA,168,-1.6376902105775728,16.462454125075702,1.2701059100482197,-4.127097794272084,0.8517173731169376,6
FVC % predicted,all,weekly,NA,172,-1.7076458795554796,18.084509657942906,1.3789309340012375,-4.410350510197905,0.9950587510869455,7
FVC % predicted,all,weekly,NA,151,0.46340232244665797,12.601932618990071,1.025530732354593,-1.5466379129683443,2.4734425578616603,8
FVC % predicted,all,weekly,NA,147,0.17931192283833527,11.974480035423237,0.9876384674082008,-1.7564594732817382,2.115083318958409,9
FVC % predicted,all,weekly,NA,146,0.538333608512881,13.94603711791791,1.1541822441456058,-1.723863590012506,2.8005308070382684,10
FVC % predicted,all,weekly,NA,144,1.047086103146535,15.269323085846839,1.2724435904872367,-1.4469033342084487,3.541075540501519,11
FVC % predicted,all,weekly,NA,141,2.0688638426991837,14.905445491257279,1.25526495548146,-0.3914554700444781,4.529183155442846,12
FVC % predicted,all,weekly,NA,137,2.204335154733882,14.656693154456285,1.2522058033314556,-0.24998821979577102,4.658658529263535,13
FVC % predicted,all,weekly,NA,146,3.2453355554272343,12.71851497476835,1.0525917887395684,1.1822556494976801,5.308415461356788,14
FVC % predicted,all,weekly,NA,133,2.9692512418352095,13.840256925532268,1.2001024760904275,0.6170503886979715,5.3214520949724475,15
FVC % predicted,all,weekly,NA,133,1.7163506993943247,12.836915295632874,1.1131017230779932,-0.4653286778385419,3.898030076627191,16
FVC % predicted,all,weekly,NA,130,1.4711625482788835,15.349976239870417,1.3462819757350708,-1.167550124161855,4.109875220719622,17
FVC % predicted,all,weekly,NA,127,1.2565225562358349,12.288420725037673,1.090421012080606,-0.8807026274421526,3.393747739913822,18
FVC % predicted,all,weekly,NA,120,1.3058018923100971,14.025826222641063,1.280376901631331,-1.2037368348873119,3.815340619507506,19
FVC % predicted,all,weekly,NA,132,0.2615958628383628,13.999229391906463,1.2184765188645932,-2.1266181141362397,2.6498098398129653,20
FVC % predicted,all,weekly,NA,123,1.161600776997522,14.825431307255842,1.3367641230600487,-1.4584569042001732,3.781658458195217,21
FVC % predicted,all,weekly,NA,119,4.915928778016418,16.691160071251215,1.5300761350973282,1.9169795532256542,7.914878002807181,22
FVC % predicted,all,weekly,NA,127,0.6195169891674219,12.069815216720965,1.0710229100007012,-1.479687914433952,2.718721892768796,23
FVC % predicted,all,weekly,NA,124,2.850256262198983,15.507196183644826,1.39258732707599,0.12078510113004226,5.579727423267924,24
FVC % predicted,all,weekly,NA,137,-1.2601694990504702,16.24036316613446,1.3875078635088198,-3.979684911527757,1.4593459134268167,25
FVC % predicted,all,weekly,NA,115,3.0951458711557653,15.891887676923858,1.4819261670746489,0.1905705836894538,5.9997211586220764,26
FVC % predicted,all,weekly,NA,117,0.9943505340524929,14.894306992741681,1.3769791685854353,-1.7045286363749605,3.693229704479946,27
FVC % predicted,all,weekly,NA,114,2.9424950131941925,14.577505623481683,1.36530849352053,0.2664903658939539,5.618499660494431,28
FVC % predicted,all,weekly,NA,115,2.9495835487974875,17.499893657978266,1.6318734979758907,-0.24888850723525824,6.148055604830233,29
FVC % predicted,all,weekly,NA,111,1.9321355337017385,16.384683719503716,1.5551653560242749,-1.11598856410584,4.980259631509317,30
FVC % predicted,all,weekly,NA,121,3.2270779773621903,16.87530982544244,1.5341190750402218,0.22020459028335537,6.233951364441025,31
FVC % predicted,all,weekly,NA,106,0.5263904059118532,15.219148139447263,1.4782143424965988,-2.3709097053814805,3.423690517205187,32
FVC % predicted,all,weekly,NA,108,2.8944903560796553,15.418054312575885,1.4836029679576594,-0.013371461117356986,5.802352173276668,33
FVC % predicted,all,weekly,NA,120,2.7344347672133225,15.118351458039335,1.380110354309877,0.029418472765963877,5.439451061660681,34
FVC % predicted,all,weekly,NA,113,2.3113851361295756,15.352228815597142,1.4442162023032228,-0.5192786203847408,5.142048892643892,35
FVC % predicted,all,weekly,NA,114,1.3094107682362792,13.403058549373686,1.2553114469142115,-1.1509996677155754,3.769821204188134,36
FVC % predicted,all,weekly,NA,110,1.9095280266839119,17.198191508152586,1.6397832205704723,-1.3044470856342136,5.123503139002038,37
FVC % predicted,all,weekly,NA,108,2.0878833850086695,14.648785563515354,1.4095800480661156,-0.674893509200917,4.850660279218256,38
FVC % predicted,all,weekly,NA,98,3.0858878432007155,15.794054676002492,1.595440451976066,-0.04117544267237383,6.212951129073804,39
FVC % predicted,all,weekly,NA,99,3.4091228661528623,16.971247213081753,1.7056745221259677,0.06600080278596554,6.752244929519759,40
FVC % predicted,all,weekly,NA,99,4.684812586003034,17.41094417725389,1.7498657297507347,1.2550757556915935,8.114549416314475,41
FVC % predicted,all,weekly,NA,96,3.8507782740635403,14.87505481347584,1.5181789245394421,0.875147581966234,6.826408966160846,42
FVC % predicted,all,weekly,NA,99,5.780520262043154,15.6000262926336,1.567861634313474,2.7075114587887454,8.853529065297563,43
FVC % predicted,all,weekly,NA,97,2.614428031161758,17.41707998182448,1.7684365367371009,-0.8517075808429597,6.080563643166475,44
FVC % predicted,all,weekly,NA,102,4.679801882543997,18.3542777469181,1.8173443014222408,1.1178070517564054,8.241796713331588,45
FVC % predicted,all,weekly,NA,98,3.7940224429918534,17.530167772605356,1.770814358192446,0.3232263009346594,7.264818585049047,46
FVC % predicted,all,weekly,NA,98,1.857821476453165,18.06727136942996,1.825070014694498,-1.7193157523480511,5.434958705254381,47
FVC % predicted,all,weekly,NA,84,6.265043744566788,17.82792235588765,1.9451858018964432,2.4524795728497595,10.077607916283817,48
FVC % predicted,all,weekly,NA,101,3.560738206416558,16.53214796741377,1.6450102061631182,0.33651820233684626,6.784958210496269,49
FVC % predicted,all,weekly,NA,92,4.493402779046882,16.84437334210331,1.7561473187936412,1.0513540342113452,7.935451523882419,50
FVC % predicted,all,weekly,NA,80,2.6027911188728323,16.06097930152551,1.7956720751714066,-0.9167261484631246,6.12230838620879,51
FVC % predicted,all,weekly,NA,51,3.566829438053209,16.118872862055774,2.2570936645716264,-0.8570741445071786,7.990733020613597,52
FVC % predicted,stable,visit,V1,133,0,0,0,0,0,NA
FVC % predicted,stable,visit,V2,135,4.0644355124309834,16.77926816966564,1.4441294707258499,1.2339417498083178,6.894929275053649,NA
FVC % predicted,stable,visit,V3,104,-0.31751194739063177,11.886062627201978,1.165524332228631,-2.6019396385587488,1.9669157437774851,NA
FVC % predicted,stable,visit,V4,65,4.644323253510471,20.559402617035182,2.5500800469166367,-0.3538336384461367,9.64248014546708,NA
FVC % predicted,stable,visit,V5,32,5.3153106584275625,13.43739955736593,2.37541908713164,0.6594892476495477,9.971132069205577,NA
FVC % predicted,stable,visit,NA,119,NA,NA,NA,NA,NA,NA
FVC % predicted,stable,weekly,NA,247,0,0,0,0,0,0
FVC % predicted,stable,weekly,NA,200,1.064160511174254,17.543145822920366,1.2404877374731447,-1.3671954542731093,3.495516476621617,1
FVC % predicted,stable,weekly,NA,174,-2.9505820784220993,17.901970399867153,1.3571448736346727,-5.610586030746058,-0.2905781260981408,2
FVC % predicted,stable,weekly,NA,163,-0.8526068763846757,18.869583915110866,1.4779798788435259,-3.7494474389179864,2.044233686148635,3
FVC % predicted,stable,weekly,NA,162,0.9862144671490596,15.873799985619337,1.2471635125589282,-1.4582260174664399,3.4306549517645593,4
FVC % predicted,stable,weekly,NA,161,-0.140782916044281,15.925216467087044,1.2550828819321584,-2.6007453646313117,2.3191795325427496,5
FVC % predicted,stable,weekly,NA,151,-1.6473313883546292,16.83130325214782,1.3697120332675377,-4.331966973559004,1.0373041968497447,6
FVC % predicted,stable,weekly,NA,156,-1.812602521059801,18.330104405246203,1.4675828887332847,-4.6890649829770386,1.063859940857437,7
FVC % predicted,stable,weekly,NA,135,0.1302133775009531,12.827080500716209,1.103979314660795,-2.033586079234205,2.2940128342361112,8
FVC % predicted,stable,weekly,NA,129,-0.2384957699044576,11.723236124230304,1.0321733870647865,-2.261555608551439,1.784564068742524,9
FVC % predicted,stable,weekly,NA,132,-0.2097161042784748,14.068217284347242,1.2244811441673005,-2.609699146846384,2.190266938289434,10
FVC % predicted,stable,weekly,NA,135,0.5916735609293876,15.695318766394374,1.3508379599036033,-2.055968840481675,3.23931596234045,11
FVC % predicted,stable,weekly,NA,125,1.7643204300881066,15.288071115449778,1.3674066503598694,-0.9157966046172374,4.444437464793451,12
FVC % predicted,stable,weekly,NA,120,2.2417471507765576,15.1398605137141,1.3820738534738275,-0.46711760203214414,4.950611903585259,13
FVC % predicted,stable,weekly,NA,135,2.946808980056528,12.894210275883518,1.1097569257998536,0.7716854054888147,5.121932554624241,14
FVC % predicted,stable,weekly,NA,122,2.3786505357166368,14.058664886311844,1.2728117138440016,-0.11606042341760636,4.873361494850879,15
FVC % predicted,stable,weekly,NA,118,1.6711030951498818,13.35127896854481,1.2290848534922059,-0.7379032176948419,4.080109407994605,16
FVC % predicted,stable,weekly,NA,119,1.3296138260768846,15.393626183570458,1.411131398629316,-1.4362037152365745,4.0954313673903435,17
FVC % predicted,stable,weekly,NA,115,1.8211450406597693,12.495056812275624,1.165170055668291,-0.4625882684500806,4.104878349769619,18
FVC % predicted,stable,weekly,NA,104,1.4785888574129975,14.067206353224448,1.3794030710928435,-1.2250411619289758,4.182218876754971,19
FVC % predicted,stable,weekly,NA,114,-0.1654548721995006,14.482102210625865,1.356373145234807,-2.823946236859722,2.4930364924607207,20
FVC % predicted,stable,weekly,NA,105,-0.07065044707601431,14.898817820455761,1.4539757397829685,-2.9204428970506324,2.7791420028986042,21
FVC % predicted,stable,weekly,NA,104,3.420768547860819,15.562096750124034,1.52598913464041,0.42982984396561585,6.411707251756022,22
FVC % predicted,stable,weekly,NA,111,-0.5485889327205477,11.254526901442922,1.0682324196916146,-2.642324475316112,1.545146609875017,23
FVC % predicted,stable,weekly,NA,114,2.878214314771971,15.392881005333203,1.441675394896044,0.052530540775725054,5.7038980887682165,24
FVC % predicted,stable,weekly,NA,124,-0.5847319198685724,16.230442557961453,1.457536768825444,-3.4415039867664428,2.2720401470292977,25
FVC % predicted,stable,weekly,NA,102,3.5705573743916807,14.44488445266952,1.4302566849392688,0.7672542719107138,6.373860476872648,26
FVC % predicted,stable,weekly,NA,104,0.4394395973632422,13.711578546020224,1.3445308955445636,-2.1958409579041027,3.074720152630587,27
FVC % predicted,stable,weekly,NA,105,3.0460397751430004,14.835254770076416,1.447772621232765,0.20840543752678098,5.88367411275922,28
FVC % predicted,stable,weekly,NA,107,3.1342218741419807,17.706084999192097,1.7117118446863058,-0.2207333414431787,6.48917708972714,29
FVC % predicted,stable,weekly,NA,105,2.2962095020351803,16.799237546981846,1.6394377147579322,-0.917088418890367,5.509507422960727,30
FVC % predicted,stable,weekly,NA,110,3.523084690365055,17.46064344626286,1.6648070310167868,0.2600629095721527,6.786106471157957,31
FVC % predicted,stable,weekly,NA,97,1.3897308617837516,15.672202225686851,1.5912710429049715,-1.7291603823099924,4.508622105877496,32
FVC % predicted,stable,weekly,NA,98,3.2688776875535073,15.778044300847137,1.5938231598558243,0.1449842942360915,6.392771080870923,33
FVC % predicted,stable,weekly,NA,109,3.492648439591649,14.729743678856979,1.4108535670179316,0.7273754482365029,6.257921430946794,34
FVC % predicted,stable,weekly,NA,98,3.0070561878246678,15.794094817476855,1.595444506877313,-0.12001504565486565,6.134127421304202,35
FVC % predicted,stable,weekly,NA,100,1.1832695425553428,13.69903071946274,1.3699030719462741,-1.5017404784593544,3.8682795635700398,36
FVC % predicted,stable,weekly,NA,98,-0.6188289131322094,13.57856023952965,1.3716417177316353,-3.3072466798862146,2.0695888536217955,37
FVC % predicted,stable,weekly,NA,100,0.3024879536911199,12.772748204384175,1.2772748204384174,-2.200970694368178,2.805946601750418,38
FVC % predicted,stable,weekly,NA,87,3.1134785985862807,15.785249631865488,1.6923563995866675,-0.20353994460358749,6.430497141776149,39
FVC % predicted,stable,weekly,NA,93,4.21054192469171,16.904075462368716,1.7528709698554237,0.7749148237750796,7.646169025608341,40
FVC % predicted,stable,weekly,NA,94,5.109145275387734,17.414566524880176,1.7961753908148574,1.5886415093906132,8.629649041384855,41
FVC % predicted,stable,weekly,NA,93,4.20176779795608,14.902815868028199,1.5453500170607315,1.1728817645170464,7.230653831395114,42
FVC % predicted,stable,weekly,NA,92,5.400102855553197,16.02913424454433,1.6711527674216766,2.1246434314067106,8.675562279699683,43
FVC % predicted,stable,weekly,NA,91,2.651293316020604,17.56067960436485,1.8408594151787527,-0.9567911377297516,6.259377769770959,44
FVC % predicted,stable,weekly,NA,96,4.709605093007791,18.489060584950565,1.887031844022215,1.0110226787242493,8.408187507291332,45
FVC % predicted,stable,weekly,NA,93,3.676567697889344,17.729124912046707,1.8384246123634236,0.07325545765703367,7.279879938121654,46
FVC % predicted,stable,weekly,NA,94,1.7543411736567318,18.180991095778793,1.8752260494228188,-1.921101883211993,5.429784230525456,47
FVC % predicted,stable,weekly,NA,74,4.000693314841933,16.937877865383,1.968988307181976,0.1414762327652599,7.859910396918606,48
FVC % predicted,stable,weekly,NA,95,3.0344450661232494,16.316950438207943,1.674083792164772,-0.24675916651970375,6.3156492987662025,49
FVC % predicted,stable,weekly,NA,82,4.3125525332173735,17.153055876360845,1.8942381372736423,0.5998457841610345,8.025259282273712,50
FVC % predicted,stable,weekly,NA,72,2.3029441810772715,16.005935464967802,1.8863175844188316,-1.3942382843836385,6.000126646538181,51
FVC % predicted,stable,weekly,NA,47,2.717556590160225,16.153548666489506,2.3562372388983177,-1.900668398080477,7.335781578400928,52
PEF (L),all,visit,V1,133,0,0,0,0,0,NA
PEF (L),all,visit,V2,136,-28.953498671390612,81.4951953761532,6.988155351461301,-42.65028316025476,-15.256714182526462,NA
PEF (L),all,visit,V3,104,-28.85423850574713,66.75006223791485,6.545382113166552,-41.68318744755357,-16.02528956394069,NA
PEF (L),all,visit,V4,65,-9.116071428571423,83.07322044989093,10.303964849973026,-29.311842534518554,11.079699677375707,NA
PEF (L),all,visit,V5,36,-7.314285714285712,88.6522209857953,14.775370164299217,-36.27401123631218,21.64543980774075,NA
PEF (L),all,visit,NA,122,NA,NA,NA,NA,NA,NA
PEF (L),all,weekly,NA,257,0,0,0,0,0,0
PEF (L),all,weekly,NA,210,-10.728387096774194,75.95262429298964,5.241229016626158,-21.00119596936146,-0.4555782241869242,1
PEF (L),all,weekly,NA,192,-26.97536231884058,89.15739613943488,6.434380832668604,-39.586748750871045,-14.363975886810117,2
PEF (L),all,weekly,NA,176,-27.437500000000004,77.90498842098486,5.872309452031563,-38.94722652598187,-15.92777347401814,3
PEF (L),all,weekly,NA,184,-29.422641509433966,71.01968779083977,5.23564084669574,-39.68449756895762,-19.160785449910314,4
PEF (L),all,weekly,NA,176,-21.004040404040403,72.12493542485267,5.436621564382926,-31.659818670230937,-10.348262137849868,5
PEF (L),all,weekly,NA,168,-33.85,83.07793651357463,6.409601955991279,-46.41281983374291,-21.287180166257095,6
PEF (L),all,weekly,NA,172,-30.906250000000004,80.58294734016017,6.1443921312809975,-42.94925857731076,-18.86324142268925,7
PEF (L),all,weekly,NA,151,-23.4578431372549,64.39334790727862,5.240256334857934,-33.72874555357645,-13.18694072093335,8
PEF (L),all,weekly,NA,147,-22.614606741573034,66.26262409835886,5.465249122914067,-33.32649502248461,-11.902718460661463,9
PEF (L),all,weekly,NA,146,-25.075581395348838,60.41495906702054,4.999977588353722,-34.87553746852213,-15.275625322175543,10
PEF (L),all,weekly,NA,144,-8.299999999999997,75.17046269339082,6.264205224449235,-20.577842239920496,3.977842239920502,11
PEF (L),all,weekly,NA,141,-21.186585365853656,80.56370650286813,6.78468801996296,-34.48457388498106,-7.888596846726253,12
PEF (L),all,weekly,NA,137,-15.53012048192771,83.01146370280955,7.092147969277228,-29.430730501711075,-1.629510462144344,13
PEF (L),all,weekly,NA,146,-17.44938271604938,75.82783645116217,6.275556396695909,-29.749473253573363,-5.1492921785254,14
PEF (L),all,weekly,NA,133,-11.082500000000005,67.5190920491326,5.854647784901961,-22.55760965840785,0.3926096584078387,15
PEF (L),all,weekly,NA,133,-17.29125,74.46862085528781,6.457248356033186,-29.947456777825046,-4.635043222174957,16
PEF (L),all,weekly,NA,130,-21.541463414634148,83.90125729457071,7.358627054014563,-35.96437244050269,-7.118554388765604,17
PEF (L),all,weekly,NA,127,-30.102439024390243,61.11930041211701,5.4234609071651,-40.73242240243384,-19.472455646346646,18
PEF (L),all,weekly,NA,120,-24.884507042253517,79.28340962807744,7.237551981536714,-39.07010892606547,-10.698905158441558,19
PEF (L),all,weekly,NA,132,-17.318987341772157,75.38676357317841,6.5615755464526435,-30.179675412819336,-4.458299270724977,20
PEF (L),all,weekly,NA,123,-18.454878048780486,86.05941839467305,7.759716434361654,-33.663922260129326,-3.2458338374316433,21
PEF (L),all,weekly,NA,119,-6.992307692307693,73.44180091663142,6.732398851932114,-20.187809442094636,6.203194057479251,22
PEF (L),all,weekly,NA,127,-26.137349397590356,69.61410480650153,6.177252904722471,-38.2447650908464,-14.029933704334312,23
PEF (L),all,weekly,NA,124,-11.644303797468355,74.34675125562312,6.6765353569878485,-24.73031309716454,1.441705502227828,24
PEF (L),all,weekly,NA,137,-31.170212765957448,71.2504470158205,6.087336502370857,-43.101392310604325,-19.239033221310567,25
PEF (L),all,weekly,NA,115,-20.524096385542173,77.33513792982296,7.211538796548778,-34.658712426777775,-6.389480344306568,26
PEF (L),all,weekly,NA,117,-29.063513513513517,64.74895371096122,5.9860428881414105,-40.79615757427068,-17.330869452756353,27
PEF (L),all,weekly,NA,114,-23.604000000000003,61.974461697562994,5.804440150635064,-34.98070269524473,-12.227297304755277,28
PEF (L),all,weekly,NA,115,-23.35774647887324,63.976852202232,5.965872229466125,-35.05085604862684,-11.664636909119633,29
PEF (L),all,weekly,NA,111,-26.347826086956523,75.83170920007412,7.197627311882869,-40.45517561824695,-12.2404765556661,30
PEF (L),all,weekly,NA,121,-13.76493506493507,81.36152227498957,7.396502024999052,-28.26207903393321,0.7322089040630715,31
PEF (L),all,weekly,NA,106,-30.994520547945207,70.93896807665602,6.890201678306928,-44.499315837426785,-17.48972525846363,32
PEF (L),all,weekly,NA,108,-23.401428571428575,64.05065136248493,6.16327680098359,-35.48145110135641,-11.321406041500738,33
PEF (L),all,weekly,NA,120,-17.685333333333336,75.0735957709632,6.85325031279683,-31.117703946415123,-4.252962720251549,34
PEF (L),all,weekly,NA,113,-19.154430379746838,63.79725256818115,6.001540683642705,-30.917450119686542,-7.391410639807136,35
PEF (L),all,weekly,NA,114,-27.183116883116888,62.20521725157067,5.826052388417791,-38.602179564415756,-15.764054201818018,36
PEF (L),all,weekly,NA,110,-16.93287671232877,80.31948022808407,7.65816195851292,-31.942874151014095,-1.9228792736434475,37
PEF (L),all,weekly,NA,108,-13.802631578947368,71.47654528805788,6.877833777134115,-27.283185782130232,-0.32207737576450235,38
PEF (L),all,weekly,NA,98,-16.619354838709683,83.1778517941233,8.402231864022031,-33.08772929219286,-0.15098038522650015,39
PEF (L),all,weekly,NA,99,-19.064615384615383,92.8395481307152,9.330725662294647,-37.35283768271289,-0.7763930865178743,40
PEF (L),all,weekly,NA,99,-19.163076923076922,84.49412991672627,8.49197957337346,-35.8073568868889,-2.518796959264943,41
PEF (L),all,weekly,NA,96,-9.085294117647054,75.02221614187079,7.656922871682295,-24.09286294614435,5.922274710850244,42
PEF (L),all,weekly,NA,99,-12.697222222222221,85.61085552501254,8.604214719933065,-29.56148307329103,4.167038628846585,43
PEF (L),all,weekly,NA,97,-32.92857142857143,102.72663603541233,10.430309595563296,-53.37197823587549,-12.485164621267373,44
PEF (L),all,weekly,NA,102,-20.156521739130437,87.31730419139838,8.645701420445997,-37.102096523204594,-3.210946955056283,45
PEF (L),all,weekly,NA,98,-20.569620253164558,91.63099681908449,9.256128459665373,-38.71163203410869,-2.4276084722204274,46
PEF (L),all,weekly,NA,98,-32.813043478260866,100.06736835611632,10.108330677157428,-52.62537160548942,-13.000715351032309,47
PEF (L),all,weekly,NA,84,-9.104347826086958,88.99359103623303,9.709996840225747,-28.13594163292942,9.927245980755504,48
PEF (L),all,weekly,NA,101,-9.640506329113931,83.83529413874618,8.341923552024596,-25.99067649108214,6.709663832854277,49
PEF (L),all,weekly,NA,92,-14.000000000000005,87.74770817437384,9.148330977415377,-31.93072871573414,3.9307287157341317,50
PEF (L),all,weekly,NA,80,-6.258730158730163,88.43157120315271,9.886950228368116,-25.63715260633167,13.119692288871345,51
PEF (L),all,weekly,NA,51,-18.7468085106383,99.72315123263445,13.96403425875713,-46.116315657802275,8.622698636525673,52
PEF (L),stable,visit,V1,133,0,0,0,0,0,NA
PEF (L),stable,visit,V2,135,-29.791246431969554,81.83355813838101,7.043111285129913,-43.595744550824186,-15.986748313114925,NA
PEF (L),stable,visit,V3,104,-30.51391880695941,66.4471895079282,6.515682998544686,-43.284657484106994,-17.743180129811826,NA
PEF (L),stable,visit,V4,65,-11.62447418738049,81.63408482978747,10.125462045295619,-31.470379796159904,8.22143142139892,NA
PEF (L),stable,visit,V5,32,-14.349999999999998,84.72674032627356,14.977713158134936,-43.70631778994447,15.006317789944475,NA
PEF (L),stable,visit,NA,119,NA,NA,NA,NA,NA,NA
PEF (L),stable,weekly,NA,247,0,0,0,0,0,0
PEF (L),stable,weekly,NA,200,-14.084827586206897,75.31293725648491,5.3254288645137455,-24.522668160653836,-3.646987011759956,1
PEF (L),stable,weekly,NA,174,-27.410769230769233,89.4351284938196,6.780059593839248,-40.69968603469416,-14.121852426844308,2
PEF (L),stable,weekly,NA,163,-29.442424242424245,78.94850955787588,6.183724512218042,-41.562524286371605,-17.322324198476885,3
PEF (L),stable,weekly,NA,162,-27.169387755102044,72.40869174939155,5.688964105871243,-38.31975740260968,-16.019018107594405,4
PEF (L),stable,weekly,NA,161,-17.449462365591398,72.01561820891462,5.675625812218767,-28.57368895754018,-6.325235773642614,5
PEF (L),stable,weekly,NA,151,-33.93225806451613,84.51435067398745,6.877680317902954,-47.41251148760592,-20.452004641426335,6
PEF (L),stable,weekly,NA,156,-31.242718446601945,80.8718928874814,6.474933451397576,-43.93358801134119,-18.551848881862696,7
PEF (L),stable,weekly,NA,135,-23.45176470588235,66.13856236245651,5.692301123819884,-34.60867490856932,-12.29485450319538,8
PEF (L),stable,weekly,NA,129,-22.25125,68.72027871944701,6.05048316814866,-34.11019700957137,-10.392302990428625,9
PEF (L),stable,weekly,NA,132,-26.296153846153846,60.91620056691398,5.3020747022077686,-36.688220262481074,-15.90408742982662,10
PEF (L),stable,weekly,NA,135,-7.904761904761902,77.5686154158561,6.676043459866191,-20.98980708609964,5.180283276575833,11
PEF (L),stable,weekly,NA,125,-22.370129870129865,82.20195935834701,7.352366760357556,-36.78076872043067,-7.959491019829056,12
PEF (L),stable,weekly,NA,120,-16.292105263157897,84.88904721365475,7.749274340673296,-31.480682970877556,-1.1035275554382373,13
PEF (L),stable,weekly,NA,135,-18.24473684210526,76.84326454064245,6.613615196313759,-31.20742262688023,-5.282051057330294,14
PEF (L),stable,weekly,NA,122,-11.425333333333336,68.84259384950518,6.232715593667049,-23.641455896920753,0.7907892302540791,15
PEF (L),stable,weekly,NA,118,-17.565753424657533,76.4670157998025,7.0393593851728244,-31.36289781959627,-3.7686090297187977,16
PEF (L),stable,weekly,NA,119,-22.544303797468356,84.69698288277444,7.764159691146347,-37.762056792115196,-7.326550802821517,17
PEF (L),stable,weekly,NA,115,-30.460810810810813,62.479879101069535,5.8262787680020836,-41.88031719609489,-19.04130442552673,18
PEF (L),stable,weekly,NA,104,-26.27096774193548,82.49298308380244,8.089102509207466,-42.12560865998211,-10.416326823888847,19
PEF (L),stable,weekly,NA,114,-17.72571428571429,73.65804202719146,6.898707707155563,-31.247181391739193,-4.204247179689386,20
PEF (L),stable,weekly,NA,105,-24.184507042253518,73.18978782763017,7.142591928007195,-38.18398722114762,-10.185026863359417,21
PEF (L),stable,weekly,NA,104,-11.1,74.95338038253666,7.349783638082637,-25.505575930641967,3.305575930641968,22
PEF (L),stable,weekly,NA,111,-26.80555555555555,72.42639758605038,6.874409437234922,-40.279398052535996,-13.331713058575103,23
PEF (L),stable,weekly,NA,114,-10.02972972972973,75.49454616921554,7.07071207938864,-23.888325405331464,3.8288659458720034,24
PEF (L),stable,weekly,NA,124,-27.926506024096387,72.15206348035048,6.479446576621692,-40.6262213142749,-15.226790733917872,25
PEF (L),stable,weekly,NA,102,-20.96666666666667,67.00829252865375,6.634809620630876,-33.970893523103186,-7.962439810230151,26
PEF (L),stable,weekly,NA,104,-34.725,58.94491831805679,5.780024783286623,-46.05384857524179,-23.39615142475822,27
PEF (L),stable,weekly,NA,105,-22.462857142857146,60.676959243379805,5.921464895190953,-34.068928337431416,-10.856785948282878,28
PEF (L),stable,weekly,NA,107,-25.613235294117647,63.825889344142134,6.1702816174773,-37.706987264373154,-13.51948332386214,29
PEF (L),stable,weekly,NA,105,-27.76,76.02002573335528,7.418794865873079,-42.30083793711124,-13.219162062888767,30
PEF (L),stable,weekly,NA,110,-13.957142857142863,84.30378225123327,8.038050250845748,-29.71172134880053,1.7974356345148035,31
PEF (L),stable,weekly,NA,97,-31.26,71.95413209121489,7.305835208433291,-45.579437008529254,-16.94056299147075,32
PEF (L),stable,weekly,NA,98,-25.30769230769231,65.34769818940715,6.601114360665953,-38.24587645459758,-12.369508160787042,33
PEF (L),stable,weekly,NA,109,-17.49850746268657,77.73357469010554,7.44552610823847,-32.09173863483397,-2.905276290539172,34
PEF (L),stable,weekly,NA,98,-19.4536231884058,66.46767807984955,6.714249414283723,-32.6135520404019,-6.293694336409704,35
PEF (L),stable,weekly,NA,100,-27.683870967741942,64.09665650354859,6.409665650354858,-40.24681564243747,-15.12092629304642,36
PEF (L),stable,weekly,NA,98,-22.277049180327868,64.14217383657086,6.47933801141223,-34.97655168269584,-9.577546677959898,37
PEF (L),stable,weekly,NA,100,-19.509375,57.362201256023184,5.736220125602318,-30.75236644618054,-8.266383553819455,38
PEF (L),stable,weekly,NA,87,-13.615094339622644,78.59060277604738,8.425797035665838,-30.129656529527686,2.8994678502823987,39
PEF (L),stable,weekly,NA,93,-17.14833333333333,93.39710279625628,9.684828402748968,-36.1305970027213,1.833930336054646,40
PEF (L),stable,weekly,NA,94,-20.6031746031746,84.48395145988067,8.713854250361752,-37.68232893388364,-3.5240202724655667,41
PEF (L),stable,weekly,NA,93,-7.596969696969691,75.6290928345943,7.842371598575722,-22.968018030178108,7.774078636238724,42
PEF (L),stable,weekly,NA,92,-18.326153846153844,82.76221261263174,8.628557134494976,-35.238125829763995,-1.4141818625436926,43
PEF (L),stable,weekly,NA,91,-41.85932203389831,94.31742465014555,9.887152609940967,-61.2381411493826,-22.480502918414015,44
PEF (L),stable,weekly,NA,96,-21.09264705882353,87.61699609567083,8.942372217909146,-38.619696605925455,-3.565597511721606,45
PEF (L),stable,weekly,NA,93,-22.73896103896104,91.78800396887692,9.517972627144992,-41.39418738816522,-4.083734689756856,46
PEF (L),stable,weekly,NA,94,-34.60735294117647,99.68685345168365,10.281913862275324,-54.75990411123611,-14.454801771116838,47
PEF (L),stable,weekly,NA,74,-21.400000000000006,82.27492809540126,9.564266118907913,-40.14596159305951,-2.654038406940497,48
PEF (L),stable,weekly,NA,95,-13.733333333333341,84.00876044190817,8.619116959890542,-30.626802574718802,3.160135908052119,49
PEF (L),stable,weekly,NA,82,-15.940000000000007,87.42538032516644,9.654518166981994,-34.862855607284715,2.9828556072846997,50
PEF (L),stable,weekly,NA,72,-10.837931034482763,88.59245310138712,10.440720724990337,-31.301743655463824,9.625881586498297,51
PEF (L),stable,weekly,NA,47,-22.909090909090914,101.63714944837612,14.825301940157622,-51.96668271179985,6.148500893618024,52
